avaliacao_id;categoria;created_at;id;obrigatoria;opcoes;ordem;pergunta;peso;tipo
324bc331-470a-4c95-97de-fab68536b2bd;Exigências Quantitativas;2026-05-08 19:45:15.50251+00;7c01501a-fca3-4fdc-ad74-5793bee50c48;true;[];0;A sua carga de trabalho acumula-se por ser mal distribuída?;5;escala
a55846f2-9c09-4e41-8213-cf706ea751ca;Clima Organizacional;2025-11-03 14:25:34.287503+00;02917a09-f574-48fb-8f08-42d1ceebea42;true;;0;Teste;6;escala
0e88490a-e00b-4248-8f98-42ac13236740;MACACO ARANHA;2025-11-10 12:30:05.368067+00;4fe27a49-dcd9-4f7d-af80-578dd910f07e;true;;0;TESTE;5;escala
2b3559eb-5a09-4680-b220-4e0879b8f689;Geral;2025-10-20 00:21:02.839625+00;8e8cc072-bde6-4514-bc8b-556e19286ff3;true;"[""Sim"",""Não"",""Só de pessoas com quem falo pouco"",""As vezes esqueço o nome do meu conjugê até""]";0;Você sente dificuldade em lembrar o nome das pessoas, mesmo que já as conheça a algum tempo?;5;multipla_escolha
2b3559eb-5a09-4680-b220-4e0879b8f689;Geral;2025-10-20 00:21:02.839625+00;8cdf6cf1-9536-418b-8499-340b7fbc421f;true;"[""Opção 1"",""Opção 2""]";1;O quão boa você considera sua memória?;5;escala
2b3559eb-5a09-4680-b220-4e0879b8f689;Geral;2025-10-20 00:21:02.839625+00;323eb692-ee9f-44c3-a5db-dc08ea65113a;true;"[""Opção 1"",""Opção 2""]";2;Você as vezes esquece o que está fazendo no meio da tarefa, quando ela se prolonga demais?;5;sim_nao
5a8149a7-d94d-4a22-941a-f44dd882ec48;Geral;2025-10-20 00:32:14.597378+00;ac8d9629-f943-4c9c-83ed-1daaf097669f;true;"[""Opção 1"",""Opção 2""]";0;Você já pegou no sono enquanto realizava uma atividade?;5;sim_nao
0e88490a-e00b-4248-8f98-42ac13236740;Desempenho;2025-11-10 12:30:05.368067+00;3dde3131-70cf-425d-bf9d-6ae6bc8e6a62;true;"[""1"",""2"",""3"",""4""]";1;TESTE;5;multipla_escolha
0e88490a-e00b-4248-8f98-42ac13236740;Desenvolvimento;2025-11-10 12:30:05.368067+00;fa97ec40-b450-498f-99f9-9dd9671a6925;false;;2;TESTE;5;sim_nao
0e88490a-e00b-4248-8f98-42ac13236740;Liderança;2025-11-10 12:30:05.368067+00;378e8cae-3596-4407-81cb-263e142db01f;true;;3;TESTE;5;escala
0e88490a-e00b-4248-8f98-42ac13236740;Clima Organizacional;2025-11-10 12:30:05.368067+00;53bb5742-8836-4c91-bec5-6a1680fe4298;true;;4;TESTE;5;sim_nao
0e88490a-e00b-4248-8f98-42ac13236740;Competências;2025-11-10 12:30:05.368067+00;ab4080f7-3dec-4029-a664-4152f8ab7737;true;"[""1"",""2"",""3"",""4"",""5"",""6""]";5;TESTE;5;multipla_escolha
0e88490a-e00b-4248-8f98-42ac13236740;Geral;2025-11-10 12:30:05.368067+00;c5411c72-3dc1-4e31-8801-5ac819dcc58c;true;[];6;texto livre;5;texto_livre
7a357896-aa45-4543-98d0-b9850bb617c3;Clima Organizacional;2025-12-01 14:10:09.234159+00;d41788b6-ad15-47b2-92fd-9318d8f0ebd3;true;;0;Você se estressa no trabalho frequentemente?;5;sim_nao
7a357896-aa45-4543-98d0-b9850bb617c3;Clima Organizacional;2025-12-01 14:10:09.234159+00;fcb9020a-201b-4e07-9672-3c9251a9bffa;true;;1;Você se sente exausto durante a semana com frequÇencia?;5;sim_nao
b10ada2e-7ce5-4d48-b487-81ced8961874;Geral;2025-10-20 05:26:54.664548+00;28c76f00-3abe-4e70-b03e-afb1a9a3ac81;true;"[""Opção 1"",""Opção 2""]";0;Múltipla Escolha;5;multipla_escolha
b10ada2e-7ce5-4d48-b487-81ced8961874;Geral;2025-10-20 05:26:54.664548+00;e925a22e-b6b7-4313-905e-06cea1ae9f63;true;"[""Opção 1"",""Opção 2""]";1;Escala 1-10;5;escala
b10ada2e-7ce5-4d48-b487-81ced8961874;Geral;2025-10-20 05:26:54.664548+00;8624881b-0b49-45dc-8b85-986eaf64559a;true;"[""Opção 1"",""Opção 2""]";2;Sim/Não;5;sim_nao
b10ada2e-7ce5-4d48-b487-81ced8961874;Geral;2025-10-20 05:26:54.664548+00;169fd922-9936-4369-be6e-ebaa9741ade0;false;"[""Opção 1"",""Opção 2""]";3;Texto Livre;5;texto_livre
c423d977-0360-4fda-b44d-ba4d544bbce7;Saúde Mental;2025-12-01 18:34:09.27771+00;3553b2f1-161f-4e1b-a14c-1ba3e1282f19;true;;0;Você já teve Burnout;5;sim_nao
c423d977-0360-4fda-b44d-ba4d544bbce7;Saúde Mental;2025-12-01 18:34:09.27771+00;bdc960ea-2362-4cc1-a5ed-9c8f0f7af782;true;;1;Você se estressa ou se aborrece com frequência no trabalho?;5;sim_nao
c423d977-0360-4fda-b44d-ba4d544bbce7;Carga de Trabalho;2025-12-01 18:34:09.27771+00;a7409ba1-d254-46b8-988a-3b955dd2d85e;true;;2;Você se sente sobrecarregado?;5;sim_nao
0008baf1-ddc4-453d-b4ff-d37e1418ffe5;Transparência do Papel Laboral;2026-03-01 18:14:51.518913+00;22f0370a-d84f-4fbb-ad89-f2bdde664148;true;[];18;O seu trabalho apresenta objectivos claros?;1;escala
42a5567a-7556-45be-a898-1fb80a87d1ad;Geral;2025-10-20 07:17:48.627011+00;9f0b7535-46a2-42d8-ab5b-916e369506c1;true;"[""Opção 1"",""Opção 2""]";0;Múltipla Escolha;5;multipla_escolha
42a5567a-7556-45be-a898-1fb80a87d1ad;Geral;2025-10-20 07:17:48.627011+00;f86c1d50-d94d-4fbb-8737-590faf465d18;true;"[""Opção 1"",""Opção 2""]";1;Escala 1-10;5;escala
42a5567a-7556-45be-a898-1fb80a87d1ad;Geral;2025-10-20 07:17:48.627011+00;72c2661e-93da-4026-bbc0-0dfcc1503eda;true;"[""Opção 1"",""Opção 2""]";2;Sim/Não;5;sim_nao
42a5567a-7556-45be-a898-1fb80a87d1ad;Geral;2025-10-20 07:17:48.627011+00;135525c6-2c0c-45eb-97d4-ee371e6be954;false;"[""Opção 1"",""Opção 2""]";3;Texto Livre;5;texto_livre
b0c54aba-8948-4984-bd30-3fe3a6d35f54;Carga de Trabalho;2025-10-26 23:28:32.078211+00;5983e38f-739c-4833-ac79-d16c17e1376d;true;;0;sad;5;escala
0008baf1-ddc4-453d-b4ff-d37e1418ffe5;Transparência do Papel Laboral;2026-03-01 18:14:51.518913+00;e6d49965-6cba-482f-aed6-b66d4a99aa08;true;[];19;Sabe exactamente quais as suas responsabilidades?;1;escala
0008baf1-ddc4-453d-b4ff-d37e1418ffe5;Transparência do Papel Laboral;2026-03-01 18:14:51.518913+00;68e8cd95-fd5a-4297-9fb6-89e5ac550414;true;[];20;Sabe exactamente o que é esperado de si?;1;escala
0008baf1-ddc4-453d-b4ff-d37e1418ffe5;Recompensas / Reconhecimento;2026-03-01 18:14:51.518913+00;50aa14c1-68da-4183-985c-6e69ef12b546;true;[];21;O seu trabalho é reconhecido e apreciado pela gerência?;1;escala
0008baf1-ddc4-453d-b4ff-d37e1418ffe5;Recompensas / Reconhecimento;2026-03-01 18:14:51.518913+00;8d705945-f18a-4a26-aec4-6d6393d63232;true;[];22;A gerência do seu local de trabalho respeita-o?;1;escala
0008baf1-ddc4-453d-b4ff-d37e1418ffe5;Recompensas / Reconhecimento;2026-03-01 18:14:51.518913+00;93c35f6d-2537-41e8-ac98-c2819bfa16a3;true;[];23;É tratado de forma justa no seu local de trabalho?;1;escala
0008baf1-ddc4-453d-b4ff-d37e1418ffe5;Conflitos de Papéis Laborais;2026-03-01 18:14:51.518913+00;338a1c78-1848-4363-945c-477ed7975fd6;true;[];24;Faz coisas no seu trabalho que uns concordam mas outros não?;1;escala
0008baf1-ddc4-453d-b4ff-d37e1418ffe5;Conflitos de Papéis Laborais;2026-03-01 18:14:51.518913+00;aa1b2fbc-8fb2-4f76-b0cd-837b65113274;true;[];25;Por vezes tem que fazer coisas que deveriam ser feitas de outra maneira?;1;escala
0008baf1-ddc4-453d-b4ff-d37e1418ffe5;Conflitos de Papéis Laborais;2026-03-01 18:14:51.518913+00;11ca33e3-9c2d-41ee-8449-12c47ac18dab;true;[];26;Por vezes tem que fazer coisas que considera desnecessárias?;1;escala
0008baf1-ddc4-453d-b4ff-d37e1418ffe5;Apoio Social de Colegas;2026-03-01 18:14:51.518913+00;0e397d93-04af-46a9-8e7e-0890a859589f;true;[];27;Com que frequência tem ajuda e apoio dos seus colegas de trabalho?;1;escala
c1963521-5e71-4287-8fd2-52094329eb1b;Carga de Trabalho;2025-10-27 14:47:48.862657+00;45da6e8f-0e2a-413f-bf91-8774761299b9;true;;0;Me sinto desgastado mesmo tendo dormido bem;5;escala
c1963521-5e71-4287-8fd2-52094329eb1b;Carga de Trabalho;2025-10-27 14:47:48.862657+00;3501951a-eaae-4833-aa99-fce063810f99;true;"[""Bastante"",""Muito"",""Normal"",""Pouco""]";1;O quão valorizado você se sente no trabalho?;5;multipla_escolha
c1963521-5e71-4287-8fd2-52094329eb1b;Carga de Trabalho;2025-10-27 14:47:48.862657+00;04e2c16c-93b1-4ad4-81d5-1710c453fcef;true;;2;Você já sentiu como se seu trabalho não fizesse sentido?;5;sim_nao
c1963521-5e71-4287-8fd2-52094329eb1b;Relações Interpessoais;2025-10-27 14:47:48.862657+00;1c57e560-75f7-4996-a67c-443ccf3470da;false;;3;Descreva como é um dia de trabalho, pela sua visão pessoal;5;texto_livre
00698d20-4881-4f36-b899-ddabdf863144;Carga de Trabalho;2025-10-28 13:56:17.393743+00;afbfaeaa-fbc3-4d94-ad8c-443513e91f18;true;;0;O quão você diria que está na metade do expediente?;6;escala
4ede8d4a-46fb-4fb9-93f7-2bb735d9111f;Carga de Trabalho;2025-10-28 18:10:31.880817+00;1da58cdd-ad75-4c57-ba98-2ef73e747ef4;true;;0;Quando chega o periodo da sua pause, o quão esgotado você se sente?;6;escala
977b2e2e-1ed8-49d5-9abc-9bfdf52e27da;Carga de Trabalho;2025-10-29 10:34:03.187559+00;b0f72506-1f18-4195-9d9a-9384263339d1;true;;0;sad;5;escala
977b2e2e-1ed8-49d5-9abc-9bfdf52e27da;Geral;2025-10-29 10:34:03.187559+00;fda9403c-be99-490c-ac6a-c887a15ac01d;true;"[""Opção 1"",""Opção 2""]";1;Nova pergunta;5;multipla_escolha
0008baf1-ddc4-453d-b4ff-d37e1418ffe5;Apoio Social de Colegas;2026-03-01 18:14:51.518913+00;068a04ce-5a92-4e2e-b8ef-ecaf2914f542;true;[];28;Com que frequência os seus colegas estão dispostos a ouvi-lo(a) sobre os seus problemas de trabalho?;1;escala
ac29822d-7b73-4e06-a6e3-b0cd126f5526;Carga de Trabalho;2025-10-29 13:29:39.769287+00;017e57f3-3755-4b1f-9437-2ed36bf18ac1;true;;0;TESTE;5;escala
ac29822d-7b73-4e06-a6e3-b0cd126f5526;Carga de Trabalho;2025-10-29 13:29:39.769287+00;12431ac8-f224-4d65-9e4c-012e2ec4ba2b;true;"[""1"",""2"",""3"",""4""]";1;TESTE;5;multipla_escolha
ac29822d-7b73-4e06-a6e3-b0cd126f5526;Carga de Trabalho;2025-10-29 13:29:39.769287+00;a84eafbe-894a-4be0-a2ca-76ea90f24f15;true;;2;TESTE;5;sim_nao
ac29822d-7b73-4e06-a6e3-b0cd126f5526;Carga de Trabalho;2025-10-29 13:29:39.769287+00;e7fcb6c2-bf60-47b0-9d1f-134b44fb9410;true;;3;TESTE;5;texto_livre
f0e3f8e6-90af-4c67-a421-a47395f55fe2;Clima Organizacional;2025-10-31 15:51:37.824312+00;ab023a4d-f05e-4fd7-a983-5a0ccd1d2d5b;true;;0;O quão desgastado você se sente quando sua primeira pausa chega?;6;escala
67454c46-acb3-426c-a187-656acf24092e;Carga de Trabalho;2026-01-31 02:38:56.344644+00;ca9fe1df-14e7-4e92-a895-57b54e937847;true;;0;AASDA;5;escala
0008baf1-ddc4-453d-b4ff-d37e1418ffe5;Apoio Social de Colegas;2026-03-01 18:14:51.518913+00;2a11d114-de75-4aa1-b65a-a826ce7db927;true;[];29;Com que frequência os seus colegas falam consigo acerca do seu desempenho laboral?;1;escala
0008baf1-ddc4-453d-b4ff-d37e1418ffe5;Apoio Social de Superiores;2026-03-01 18:14:51.518913+00;c0e24df1-2456-4934-89af-37d65314a699;true;[];30;Com que frequência o seu superior imediato fala consigo sobre como está a decorrer o seu trabalho?;1;escala
0008baf1-ddc4-453d-b4ff-d37e1418ffe5;Apoio Social de Superiores;2026-03-01 18:14:51.518913+00;04c21565-9686-4b51-8255-0fe99c53e160;true;[];31;Com que frequência tem ajuda e apoio do seu superior imediato?;1;escala
0008baf1-ddc4-453d-b4ff-d37e1418ffe5;Apoio Social de Superiores;2026-03-01 18:14:51.518913+00;78199f47-9c52-49e5-a881-eea4f51e4fab;true;[];32;Com que frequência é que o seu superior imediato fala consigo em relação ao seu desempenho laboral?;1;escala
0008baf1-ddc4-453d-b4ff-d37e1418ffe5;Comunidade Social no Trabalho;2026-03-01 18:14:51.518913+00;f34f8dea-c140-4f88-b139-109e8d0644eb;true;[];33;Existe um bom ambiente de trabalho entre si e os seus colegas?;1;escala
0008baf1-ddc4-453d-b4ff-d37e1418ffe5;Comunidade Social no Trabalho;2026-03-01 18:14:51.518913+00;21843041-3c98-460f-a720-41e2a40fd893;true;[];34;Existe uma boa cooperação entre os colegas de trabalho?;1;escala
0008baf1-ddc4-453d-b4ff-d37e1418ffe5;Comunidade Social no Trabalho;2026-03-01 18:14:51.518913+00;72f2da18-4e85-44c4-9f83-15ceaa951a19;true;[];35;No seu local de trabalho sente-se parte de uma comunidade?;1;escala
0008baf1-ddc4-453d-b4ff-d37e1418ffe5;Qualidade da Liderança;2026-03-01 18:14:51.518913+00;54f33014-34a7-4200-9253-9c3c48b4894f;true;[];36;Em relação à sua chefia direta, até que ponto considera que oferece aos indivíduos e ao grupo boas oportunidades de desenvolvimento?;1;escala
0008baf1-ddc4-453d-b4ff-d37e1418ffe5;Qualidade da Liderança;2026-03-01 18:14:51.518913+00;d7272049-d5be-4569-be63-478fa9809e93;true;[];37;Em relação à sua chefia direta, até que ponto considera que dá prioridade à satisfação no trabalho?;1;escala
0008baf1-ddc4-453d-b4ff-d37e1418ffe5;Qualidade da Liderança;2026-03-01 18:14:51.518913+00;671871ee-13cd-43f7-a3e6-2317bdea774a;true;[];38;Em relação à sua chefia direta, até que ponto considera que é bom no planeamento do trabalho?;1;escala
0008baf1-ddc4-453d-b4ff-d37e1418ffe5;Qualidade da Liderança;2026-03-01 18:14:51.518913+00;a81a1bb1-9f81-4ac9-b720-b35ab456a88e;true;[];39;Em relação à sua chefia direta, até que ponto considera que é bom a resolver conflitos?;1;escala
0008baf1-ddc4-453d-b4ff-d37e1418ffe5;Confiança Horizontal;2026-03-01 18:14:51.518913+00;cf59e100-c524-4a45-834f-c656b54abfc2;true;[];40;Os funcionários ocultam informações uns dos outros?;1;escala
0008baf1-ddc4-453d-b4ff-d37e1418ffe5;Confiança Horizontal;2026-03-01 18:14:51.518913+00;7fead101-5b61-491a-affa-be09e7be3669;true;[];41;Os funcionários ocultam informação à gerência?;1;escala
4ac52968-3ed8-4949-b268-15b5a1f50878;Carga de Trabalho;2025-10-31 18:06:28.788902+00;cc26311b-dbb9-4ec1-adad-ac653ed32829;true;;0;quanto você sente que seu trabalho (ou rotina diária) consome sua energia emocional?;5;escala
4ac52968-3ed8-4949-b268-15b5a1f50878;Carga de Trabalho;2025-10-31 18:06:28.788902+00;61930dd7-e1ee-4dcd-895c-dc215f629d60;true;;1;quanto você sente que tem conseguido equilibrar vida pessoal e profissional?;5;escala
4ac52968-3ed8-4949-b268-15b5a1f50878;Geral;2025-10-31 18:06:28.788902+00;5de14636-c4e3-4ced-b204-db3f746151eb;true;"[""Opção 1"",""Opção 2""]";2;Você tem sentido dificuldade em relaxar mesmo nos momentos de descanso?;5;sim_nao
4ac52968-3ed8-4949-b268-15b5a1f50878;Geral;2025-10-31 18:06:28.788902+00;23ddbaa9-7c9d-40b4-8222-eccce368b3e1;true;"[""Motivado(a) e com energia para os desafios."",""Cansado(a), mas ainda produtivo(a)."",""Desmotivado(a) e frequentemente irritado(a)."",""Exausto(a) e com vontade de se afastar de tudo.""]";3;Qual das seguintes situações mais representa como você tem se sentido ultimamente?;5;multipla_escolha
4ac52968-3ed8-4949-b268-15b5a1f50878;Geral;2025-10-31 18:06:28.788902+00;c056ccd2-4cee-452b-8346-56cd7944ba18;true;"[""Opção 1"",""Opção 2""]";4;quanto você sente que está satisfeito(a) com o seu desempenho recente?;5;escala
4ac52968-3ed8-4949-b268-15b5a1f50878;Geral;2025-10-31 18:06:28.788902+00;b0e6b19c-a477-4671-8176-a458ca1f5640;true;"[""Durmo bem e acordo descansado(a)."",""Tenho dificuldades ocasionais para dormir."",""Durmo mal quase todas as noites."",""Tenho insônia ou acordo exausto(a) mesmo após dormir.""]";5;Descreva brevemente como tem sido sua rotina nas últimas semanas e o que tem impactado mais o seu bem-estar.;5;texto_livre
4ac52968-3ed8-4949-b268-15b5a1f50878;Geral;2025-10-31 18:06:28.788902+00;2a363780-2869-45ac-8c09-11ab47fa80de;true;"[""Durmo bem e acordo descansado(a)."",""Tenho dificuldades ocasionais para dormir."",""Durmo mal quase todas as noites."",""Tenho insônia ou acordo exausto(a) mesmo após dormir.""]";6;Como está a qualidade do seu sono atualmente?;5;multipla_escolha
4ac52968-3ed8-4949-b268-15b5a1f50878;Geral;2025-10-31 18:06:28.788902+00;d754ae15-a5b0-4382-9779-efcedfb7059c;true;"[""Entusiasmo."",""Indiferença."",""Irritação."",""Cansaço extremo.""]";7;Quando você pensa nas suas atividades diárias, qual sentimento é mais frequente?;5;multipla_escolha
4ac52968-3ed8-4949-b268-15b5a1f50878;Geral;2025-10-31 18:06:28.788902+00;0bd94b02-c018-470a-9b1c-cf4e66f32b2d;true;"[""Opção 1"",""Opção 2""]";8;Você já pensou em desistir de alguma responsabilidade importante apenas por exaustão emocional?;5;sim_nao
4ac52968-3ed8-4949-b268-15b5a1f50878;Geral;2025-10-31 18:06:28.788902+00;a042bad9-edf8-45d7-a0ae-41238aa33098;true;"[""Opção 1"",""Opção 2""]";9;O que você acredita que mais ajudaria a melhorar sua energia e motivação neste momento?;5;texto_livre
0008baf1-ddc4-453d-b4ff-d37e1418ffe5;Confiança Horizontal;2026-03-01 18:14:51.518913+00;d7912848-a1ce-40e5-b3ce-a71bcb159a47;true;[];42;Os funcionários confiam uns nos outros de um modo geral?;1;escala
0008baf1-ddc4-453d-b4ff-d37e1418ffe5;Confiança Vertical;2026-03-01 18:14:51.518913+00;9d8cbe44-5099-4027-9ce7-3b992fa6d189;true;[];43;A gerência confia nos seus funcionários para fazerem o seu trabalho bem?;1;escala
0008baf1-ddc4-453d-b4ff-d37e1418ffe5;Confiança Vertical;2026-03-01 18:14:51.518913+00;75f95a64-d8c8-4692-b5e5-7a4d846dfbf5;true;[];44;Confia na informação que lhe é transmitida pela gerência?;1;escala
0008baf1-ddc4-453d-b4ff-d37e1418ffe5;Confiança Vertical;2026-03-01 18:14:51.518913+00;80dbf880-17fa-49f1-8b0c-eb8390e815f1;true;[];45;A gerência oculta informação aos seus funcionários?;1;escala
0008baf1-ddc4-453d-b4ff-d37e1418ffe5;Justiça e Respeito;2026-03-01 18:14:51.518913+00;f40fe0a7-b0dd-4509-a3e6-7d069b7eb9c5;true;[];46;Os conflitos são resolvidos de uma forma justa?;1;escala
6a590716-ba2e-4e86-b4a0-198e4ff6def1;Exigências Quantitativas;2025-12-10 19:48:35.691802+00;e07c5d81-36d3-4191-b006-7f677d9ef94b;true;"[""Nunca/ quase nunca"",""Raramente"",""Às vezes "",""Frequentemente"",""Sempre""]";0;A sua carga de trabalho acumula-se por ser mal distribuída? ;10;multipla_escolha
6a590716-ba2e-4e86-b4a0-198e4ff6def1;Exigências Quantitativas;2025-12-10 19:48:35.691802+00;8ba3188f-0843-4d20-880a-1394668d3e31;true;"[""Nunca/ quase nunca"",""Raramente"",""Às vezes "",""Frequentemente"",""Sempre""]";1;Com que frequência não tem tempo para completar todas as tarefas do seu trabalho? ;10;multipla_escolha
6a590716-ba2e-4e86-b4a0-198e4ff6def1;Exigências Quantitativas;2025-12-10 19:48:35.691802+00;3baa5e99-b963-450c-ba1b-6650f6f63171;true;"[""Nunca/ quase nunca"",""Raramente"",""Às vezes "",""Frequentemente"",""Sempre""]";2;Precisa fazer horas-extra?;10;multipla_escolha
0008baf1-ddc4-453d-b4ff-d37e1418ffe5;Justiça e Respeito;2026-03-01 18:14:51.518913+00;00dcde4a-d61e-44d9-bb70-aba03e2e8010;true;[];47;As sugestões dos funcionários são tratadas de forma séria pela gerência?;1;escala
0008baf1-ddc4-453d-b4ff-d37e1418ffe5;Justiça e Respeito;2026-03-01 18:14:51.518913+00;4624cf3e-b94e-4d2a-b33b-357d65b7035b;true;[];48;O trabalho é igualmente distribuído pelos funcionários?;1;escala
0008baf1-ddc4-453d-b4ff-d37e1418ffe5;Auto-eficácia;2026-03-01 18:14:51.518913+00;5bd03d71-15c0-4e23-8e66-088e7f61098c;true;[];49;Sou sempre capaz de resolver problemas, se tentar o suficiente.;1;escala
0008baf1-ddc4-453d-b4ff-d37e1418ffe5;Auto-eficácia;2026-03-01 18:14:51.518913+00;741e13a8-3f9c-435e-855e-1c69be7f69c9;true;[];50;É-me fácil seguir os meus planos e atingir os meus objetivos.;1;escala
0008baf1-ddc4-453d-b4ff-d37e1418ffe5;Significado do Trabalho;2026-03-01 18:14:51.518913+00;699322f9-c6b2-42d9-84e5-0419bbd0a61f;true;[];51;O seu trabalho tem algum significado para si?;1;escala
0008baf1-ddc4-453d-b4ff-d37e1418ffe5;Significado do Trabalho;2026-03-01 18:14:51.518913+00;6333067d-eb98-4a6c-b1fe-114693b89435;true;[];52;Sente que o seu trabalho é importante?;1;escala
324bc331-470a-4c95-97de-fab68536b2bd;Exigências Quantitativas;2026-05-08 19:45:15.50251+00;331ec376-c132-43d7-ac0d-af2a9ce6fd73;true;[];1;Com que frequência não tem tempo para completar todas as tarefas do seu trabalho?;5;escala
324bc331-470a-4c95-97de-fab68536b2bd;Exigências Quantitativas;2026-05-08 19:45:15.50251+00;3b675613-d1b8-4a9e-8996-567b2b698859;true;[];2;Precisa fazer horas-extra?;5;escala
324bc331-470a-4c95-97de-fab68536b2bd;Ritmo de Trabalho;2026-05-08 19:45:15.50251+00;77fb4000-e221-468f-8a70-53a9b7cf03bb;true;[];3;Precisa trabalhar muito rapidamente?;5;escala
324bc331-470a-4c95-97de-fab68536b2bd;Exigências Cognitivas;2026-05-08 19:45:15.50251+00;bf908d15-45cd-440e-bd3e-9a484f51c8ed;true;[];4;O seu trabalho exige a sua atenção constante?;5;escala
324bc331-470a-4c95-97de-fab68536b2bd;Exigências Cognitivas;2026-05-08 19:45:15.50251+00;3daa0e93-c3d1-4bef-9996-03e1eeb4e183;true;[];5;O seu trabalho requer que seja bom a propor novas ideias?;5;escala
324bc331-470a-4c95-97de-fab68536b2bd;Exigências Cognitivas;2026-05-08 19:45:15.50251+00;a53735e0-e57d-46d8-aae7-4bfba30346d0;true;[];6;O seu trabalho exige que tome decisões difíceis?;5;escala
324bc331-470a-4c95-97de-fab68536b2bd;Exigências Emocionais;2026-05-08 19:45:15.50251+00;4f16d832-86e1-49cb-9685-5982c0aab074;true;[];7;O seu trabalho exige emocionalmente de si?;5;escala
324bc331-470a-4c95-97de-fab68536b2bd;Influência no Trabalho;2026-05-08 19:45:15.50251+00;7e97429e-5ed8-475d-abd4-c4af9955fc32;true;[];8;Tem um elevado grau de influência no seu trabalho?;5;escala
324bc331-470a-4c95-97de-fab68536b2bd;Influência no Trabalho;2026-05-08 19:45:15.50251+00;c00d3431-7fe5-44f8-876a-a68ef8b9a02f;true;[];9;Participa na escolha das pessoas com quem trabalha?;5;escala
324bc331-470a-4c95-97de-fab68536b2bd;Influência no Trabalho;2026-05-08 19:45:15.50251+00;dee7f613-049b-4821-a1ff-9149cd9de9ad;true;[];10;Pode influenciar a quantidade de trabalho que lhe compete a si?;5;escala
324bc331-470a-4c95-97de-fab68536b2bd;Influência no Trabalho;2026-05-08 19:45:15.50251+00;9498b870-fd2c-4f27-ab57-c78794ca9fe9;true;[];11;Tem alguma influência sobre o tipo de tarefas que faz?;5;escala
324bc331-470a-4c95-97de-fab68536b2bd;Possibilidades de Desenvolvimento;2026-05-08 19:45:15.50251+00;8adb5684-55c7-4512-a10a-1df49b089427;true;[];12;O seu trabalho exige que tenha iniciativa?;5;escala
324bc331-470a-4c95-97de-fab68536b2bd;Possibilidades de Desenvolvimento;2026-05-08 19:45:15.50251+00;2a84758a-3fbb-468b-a88c-f900c62df4c4;true;[];13;O seu trabalho permite-lhe aprender coisas novas?;5;escala
324bc331-470a-4c95-97de-fab68536b2bd;Possibilidades de Desenvolvimento;2026-05-08 19:45:15.50251+00;f813582e-ff01-4154-8113-7c35c82c5936;true;[];14;O seu trabalho permite-lhe usar as suas habilidades ou perícias?;5;escala
324bc331-470a-4c95-97de-fab68536b2bd;Previsibilidade;2026-05-08 19:45:15.50251+00;12fbcb37-044b-4c7b-aade-cd2f2d68baf9;true;[];15;No seu local de trabalho, é informado com antecedência sobre decisões importantes, mudanças ou planos para o futuro?;5;escala
324bc331-470a-4c95-97de-fab68536b2bd;Previsibilidade;2026-05-08 19:45:15.50251+00;de17e4a1-8626-4d6b-aadd-93443ad01ce8;true;[];16;Recebe toda a informação de que necessita para fazer bem o seu trabalho?;5;escala
324bc331-470a-4c95-97de-fab68536b2bd;Transparência do Papel Laboral;2026-05-08 19:45:15.50251+00;d256c16a-feeb-4651-bd67-db2c9d861cc5;true;[];17;O seu trabalho apresenta objectivos claros?;5;escala
324bc331-470a-4c95-97de-fab68536b2bd;Transparência do Papel Laboral;2026-05-08 19:45:15.50251+00;38c52508-5c3b-49a4-b4b4-d5f030405eb4;true;[];18;Sabe exactamente quais as suas responsabilidades?;5;escala
324bc331-470a-4c95-97de-fab68536b2bd;Transparência do Papel Laboral;2026-05-08 19:45:15.50251+00;2166e386-a6e6-4341-b4d3-027a65f055f9;true;[];19;Sabe exactamente o que é esperado de si?;5;escala
324bc331-470a-4c95-97de-fab68536b2bd;Recompensas / Reconhecimento;2026-05-08 19:45:15.50251+00;c63f90e9-af64-4c65-b4c8-1bf20ed8a948;true;[];20;O seu trabalho é reconhecido e apreciado pela gerência?;5;escala
324bc331-470a-4c95-97de-fab68536b2bd;Recompensas / Reconhecimento;2026-05-08 19:45:15.50251+00;21609cd6-ea8d-4984-a857-324d46535afb;true;[];21;A gerência do seu local de trabalho respeita-o?;5;escala
324bc331-470a-4c95-97de-fab68536b2bd;Recompensas / Reconhecimento;2026-05-08 19:45:15.50251+00;c703a225-aed9-48fc-ae59-3362b31d9455;true;[];22;É tratado de forma justa no seu local de trabalho?;5;escala
324bc331-470a-4c95-97de-fab68536b2bd;Conflitos de Papéis Laborais;2026-05-08 19:45:15.50251+00;0735c73b-eaba-4dd2-b313-f5c012ccbf48;true;[];23;Faz coisas no seu trabalho que uns concordam mas outros não?;5;escala
324bc331-470a-4c95-97de-fab68536b2bd;Conflitos de Papéis Laborais;2026-05-08 19:45:15.50251+00;9ab464fc-4e4c-4e2b-8a27-0ffc4685f3e3;true;[];24;Por vezes tem que fazer coisas que deveriam ser feitas de outra maneira?;5;escala
324bc331-470a-4c95-97de-fab68536b2bd;Conflitos de Papéis Laborais;2026-05-08 19:45:15.50251+00;1f658201-29f6-4582-a91b-b281219aaf26;true;[];25;Por vezes tem que fazer coisas que considera desnecessárias?;5;escala
324bc331-470a-4c95-97de-fab68536b2bd;Apoio Social de Colegas;2026-05-08 19:45:15.50251+00;f061d327-f91d-47bf-ac15-e6bd8564e005;true;[];26;Com que frequência tem ajuda e apoio dos seus colegas de trabalho?;5;escala
324bc331-470a-4c95-97de-fab68536b2bd;Apoio Social de Colegas;2026-05-08 19:45:15.50251+00;0098b562-0886-4939-a3e0-f04cf3a61f35;true;[];27;Com que frequência os seus colegas estão dispostos a ouvi-lo(a) sobre os seus problemas de trabalho?;5;escala
324bc331-470a-4c95-97de-fab68536b2bd;Apoio Social de Colegas;2026-05-08 19:45:15.50251+00;df8ebe54-0138-470b-9f83-8e08bc734f80;true;[];28;Com que frequência os seus colegas falam consigo acerca do seu desempenho laboral?;5;escala
324bc331-470a-4c95-97de-fab68536b2bd;Apoio Social de Superiores;2026-05-08 19:45:15.50251+00;65cbbc4e-0b35-4979-970e-515601c6c4b9;true;[];29;Com que frequência o seu superior imediato fala consigo sobre como está a decorrer o seu trabalho?;5;escala
324bc331-470a-4c95-97de-fab68536b2bd;Apoio Social de Superiores;2026-05-08 19:45:15.50251+00;b7e2a333-724a-44e1-a214-c815f4468178;true;[];30;Com que frequência tem ajuda e apoio do seu superior imediato?;5;escala
324bc331-470a-4c95-97de-fab68536b2bd;Apoio Social de Superiores;2026-05-08 19:45:15.50251+00;e3462076-2a60-48f9-aa9f-c37083b9ce0c;true;[];31;Com que frequência é que o seu superior imediato fala consigo em relação ao seu desempenho laboral?;5;escala
324bc331-470a-4c95-97de-fab68536b2bd;Comunidade Social no Trabalho;2026-05-08 19:45:15.50251+00;cec4a48a-a738-4376-a750-e4b0198979ba;true;[];32;Existe um bom ambiente de trabalho entre si e os seus colegas?;5;escala
324bc331-470a-4c95-97de-fab68536b2bd;Comunidade Social no Trabalho;2026-05-08 19:45:15.50251+00;ea0cf14a-a36e-4764-a907-3b3565b5e142;true;[];33;Existe uma boa cooperação entre os colegas de trabalho?;5;escala
324bc331-470a-4c95-97de-fab68536b2bd;Comunidade Social no Trabalho;2026-05-08 19:45:15.50251+00;b49cc38a-d58a-421e-8080-7932a817cf85;true;[];34;No seu local de trabalho sente-se parte de uma comunidade?;5;escala
324bc331-470a-4c95-97de-fab68536b2bd;Qualidade da Liderança;2026-05-08 19:45:15.50251+00;241cd249-6d16-4635-a624-bd87a172a657;true;[];35;Em relação à sua chefia direta, até que ponto considera que oferece aos indivíduos e ao grupo boas oportunidades de desenvolvimento?;5;escala
324bc331-470a-4c95-97de-fab68536b2bd;Qualidade da Liderança;2026-05-08 19:45:15.50251+00;a7d813dc-9f04-4ca3-ba64-37eb6103df5a;true;[];36;Em relação à sua chefia direta, até que ponto considera que dá prioridade à satisfação no trabalho?;5;escala
324bc331-470a-4c95-97de-fab68536b2bd;Qualidade da Liderança;2026-05-08 19:45:15.50251+00;d2ce04a7-86eb-46cb-a27a-917452f71d3d;true;[];37;Em relação à sua chefia direta, até que ponto considera que é bom no planeamento do trabalho?;5;escala
324bc331-470a-4c95-97de-fab68536b2bd;Qualidade da Liderança;2026-05-08 19:45:15.50251+00;6b18a5d1-8ff0-4217-8d3e-5d38c34fee2c;true;[];38;Em relação à sua chefia direta, até que ponto considera que é bom a resolver conflitos?;5;escala
324bc331-470a-4c95-97de-fab68536b2bd;Confiança Horizontal;2026-05-08 19:45:15.50251+00;25466f76-bf19-494a-a577-3a7d7a0959ef;true;[];39;Os funcionários ocultam informações uns dos outros?;5;escala
324bc331-470a-4c95-97de-fab68536b2bd;Confiança Horizontal;2026-05-08 19:45:15.50251+00;35d2792f-bbe4-43c0-bb0e-bed0fb91505d;true;[];40;Os funcionários ocultam informação à gerência?;5;escala
324bc331-470a-4c95-97de-fab68536b2bd;Confiança Horizontal;2026-05-08 19:45:15.50251+00;fe6474ec-cfec-4593-b74a-875cfe4d9f02;true;[];41;Os funcionários confiam uns nos outros de um modo geral?;5;escala
324bc331-470a-4c95-97de-fab68536b2bd;Confiança Vertical;2026-05-08 19:45:15.50251+00;5adda33e-11b7-420f-b5aa-3f631c6133ab;true;[];42;A gerência confia nos seus funcionários para fazerem o seu trabalho bem?;5;escala
324bc331-470a-4c95-97de-fab68536b2bd;Confiança Vertical;2026-05-08 19:45:15.50251+00;d57ddffd-d3d4-4bea-ba96-20068a6c98e1;true;[];43;Confia na informação que lhe é transmitida pela gerência?;5;escala
324bc331-470a-4c95-97de-fab68536b2bd;Confiança Vertical;2026-05-08 19:45:15.50251+00;6f2b05a8-a8ee-473a-bfd5-40fb312f229a;true;[];44;A gerência oculta informação aos seus funcionários?;5;escala
324bc331-470a-4c95-97de-fab68536b2bd;Justiça e Respeito;2026-05-08 19:45:15.50251+00;373b3288-f866-46cb-a788-3f3d9de13bff;true;[];45;Os conflitos são resolvidos de uma forma justa?;5;escala
324bc331-470a-4c95-97de-fab68536b2bd;Justiça e Respeito;2026-05-08 19:45:15.50251+00;3eedd1db-e828-4789-b166-b9afbed779df;true;[];46;As sugestões dos funcionários são tratadas de forma séria pela gerência?;5;escala
324bc331-470a-4c95-97de-fab68536b2bd;Justiça e Respeito;2026-05-08 19:45:15.50251+00;a9452a36-65b8-4cf2-b362-fbe32ee7a3cf;true;[];47;O trabalho é igualmente distribuído pelos funcionários?;5;escala
324bc331-470a-4c95-97de-fab68536b2bd;Auto-eficácia;2026-05-08 19:45:15.50251+00;ebca11b4-0d2f-4eef-8258-57b22acff318;true;[];48;Sou sempre capaz de resolver problemas, se tentar o suficiente.;5;escala
324bc331-470a-4c95-97de-fab68536b2bd;Auto-eficácia;2026-05-08 19:45:15.50251+00;4c05b5b4-7e2f-44bd-9cab-62f169c4c382;true;[];49;É-me fácil seguir os meus planos e atingir os meus objetivos.;5;escala
324bc331-470a-4c95-97de-fab68536b2bd;Significado do Trabalho;2026-05-08 19:45:15.50251+00;bc3ea6cf-899f-41f6-acd8-98000334b3c2;true;[];50;O seu trabalho tem algum significado para si?;5;escala
324bc331-470a-4c95-97de-fab68536b2bd;Significado do Trabalho;2026-05-08 19:45:15.50251+00;806009e6-e17c-4ec9-a9ac-784ff91604ea;true;[];51;Sente que o seu trabalho é importante?;5;escala
324bc331-470a-4c95-97de-fab68536b2bd;Significado do Trabalho;2026-05-08 19:45:15.50251+00;720d0860-ed99-431a-8fd0-712250eb97db;true;[];52;Sente-se motivado e envolvido com o seu trabalho?;5;escala
324bc331-470a-4c95-97de-fab68536b2bd;Compromisso c/ Local de Trabalho;2026-05-08 19:45:15.50251+00;21655490-cf7e-4a16-bb41-0027a7f5c1c5;true;[];53;Gosta de falar com os outros sobre o seu local de trabalho?;5;escala
324bc331-470a-4c95-97de-fab68536b2bd;Compromisso c/ Local de Trabalho;2026-05-08 19:45:15.50251+00;3a80b68f-07e3-4043-b047-a146301aa7d4;true;[];54;Sente que os problemas do seu local de trabalho são seus também?;5;escala
324bc331-470a-4c95-97de-fab68536b2bd;Satisfação Laboral;2026-05-08 19:45:15.50251+00;24a2295d-394f-4de6-95fa-22bf4bff6cf8;true;[];55;Em relação ao seu trabalho em geral, quão satisfeito está com as suas perspectivas de trabalho?;5;escala
324bc331-470a-4c95-97de-fab68536b2bd;Satisfação Laboral;2026-05-08 19:45:15.50251+00;2c4f872b-d843-423f-92c1-cea1b591fe16;true;[];56;Em relação ao seu trabalho em geral, quão satisfeito está com as condições físicas do seu local de trabalho?;5;escala
324bc331-470a-4c95-97de-fab68536b2bd;Satisfação Laboral;2026-05-08 19:45:15.50251+00;1c9eba03-82bc-41bc-8262-dfdaf3ee23ee;true;[];57;Em relação ao seu trabalho em geral, quão satisfeito está com a forma como as suas capacidades são utilizadas?;5;escala
6a590716-ba2e-4e86-b4a0-198e4ff6def1;Ritmo de Trabalho;2025-12-10 19:48:35.691802+00;a317377f-e36e-472a-8e72-c9ad242f35e2;true;"[""Nunca/ quase nunca"",""Raramente"",""Às vezes "",""Frequentemente"",""Sempre""]";3;Precisa trabalhar muito rapidamente?;10;multipla_escolha
6a590716-ba2e-4e86-b4a0-198e4ff6def1;Exigências Cognitivas;2025-12-10 19:48:35.691802+00;bbe2f2e4-2e43-4803-9e63-42d13054b7a4;true;"[""Nunca/ quase nunca"",""Raramente"",""Às vezes "",""Frequentemente"",""Sempre""]";4;O seu trabalho exige a sua atenção constante?;10;multipla_escolha
6a590716-ba2e-4e86-b4a0-198e4ff6def1;Exigências Cognitivas;2025-12-10 19:48:35.691802+00;9eae7234-4d59-425e-bf3a-288c71123460;true;"[""Nunca/ quase nunca"",""Raramente"",""Às vezes "",""Frequentemente"",""Sempre""]";5;O seu trabalho requer que seja bom a propor novas ideias?;10;multipla_escolha
6a590716-ba2e-4e86-b4a0-198e4ff6def1;Exigências Cognitivas;2025-12-10 19:48:35.691802+00;ef1faa52-2ebd-4e09-8b24-7180bc633752;true;"[""Nunca/ quase nunca"",""Raramente"",""Às vezes "",""Frequentemente"",""Sempre""]";6;O seu trabalho exige que tome decisões difíceis?;10;multipla_escolha
6a590716-ba2e-4e86-b4a0-198e4ff6def1;Exigências Emocionais;2025-12-10 19:48:35.691802+00;a006d19f-5f71-4b41-b5d2-6fb68f06b0d9;true;"[""Nunca/ quase nunca"",""Raramente"",""Às vezes "",""Frequentemente"",""Sempre""]";7;O seu trabalho te exige emocionalmente?;10;multipla_escolha
6a590716-ba2e-4e86-b4a0-198e4ff6def1;Influência no Trabalho;2025-12-10 19:48:35.691802+00;6d1beb60-4aec-4652-895d-3d30a3bac0de;true;"[""Nunca/ quase nunca"",""Raramente"",""Às vezes "",""Frequentemente"",""Sempre""]";8;Tem um elevado grau de influência no seu trabalho?;10;multipla_escolha
6a590716-ba2e-4e86-b4a0-198e4ff6def1;Influência no Trabalho;2025-12-10 19:48:35.691802+00;b069b4f5-3a62-4990-8a3c-01ae31f810f9;true;"[""Nunca/ quase nunca"",""Raramente"",""Às vezes "",""Frequentemente"",""Sempre""]";9;Participa na escolha das pessoas com quem trabalha?;10;multipla_escolha
6a590716-ba2e-4e86-b4a0-198e4ff6def1;Influência no Trabalho;2025-12-10 19:48:35.691802+00;86d084be-c495-4f63-a7ca-710b11836f70;true;"[""Nunca/ quase nunca"",""Raramente"",""Às vezes "",""Frequentemente"",""Sempre""]";10;Pode influenciar a quantidade de trabalho que lhe compete?;10;multipla_escolha
6a590716-ba2e-4e86-b4a0-198e4ff6def1;Influência no Trabalho;2025-12-10 19:48:35.691802+00;355a1af8-6de9-4a7a-89a2-40ac2c3659ba;true;"[""Nunca/ quase nunca"",""Raramente"",""Às vezes "",""Frequentemente"",""Sempre""]";11;Tem alguma influência sobre o tipo de tarefas que faz?;10;multipla_escolha
6a590716-ba2e-4e86-b4a0-198e4ff6def1;Possibilidades de Desenvolvimento;2025-12-10 19:48:35.691802+00;1e892a2a-ae96-448a-815c-13520e6ca632;true;"[""Nunca/ quase nunca"",""Raramente"",""Às vezes "",""Frequentemente"",""Sempre""]";12;O seu trabalho exige que tenha iniciativa?;10;multipla_escolha
6a590716-ba2e-4e86-b4a0-198e4ff6def1;Possibilidades de Desenvolvimento;2025-12-10 19:48:35.691802+00;a7f38a90-7cf6-448c-a37b-30e8b8bbfbf2;true;"[""Nunca/ quase nunca"",""Raramente"",""Às vezes "",""Frequentemente"",""Sempre""]";13;O seu trabalho permite-lhe aprender coisas novas?;10;multipla_escolha
6a590716-ba2e-4e86-b4a0-198e4ff6def1;Possibilidades de Desenvolvimento;2025-12-10 19:48:35.691802+00;be4caad1-72fe-4e72-94ae-036d03c310e2;true;"[""Nunca/ quase nunca"",""Raramente"",""Às vezes "",""Frequentemente"",""Sempre""]";14;O seu trabalho permite-lhe usar as suas habilidades ou perícias?;10;multipla_escolha
6a590716-ba2e-4e86-b4a0-198e4ff6def1;Previsibilidade;2025-12-10 19:48:35.691802+00;694ef610-12d5-42e7-9cd6-e88992d58d05;true;"[""Nunca/ quase nunca"",""Raramente"",""Às vezes "",""Frequentemente"",""Sempre""]";15;No seu local de trabalho, é informado com antecedência sobre decisões importantes, mudanças ou planos para o futuro?;10;multipla_escolha
6a590716-ba2e-4e86-b4a0-198e4ff6def1;Previsibilidade;2025-12-10 19:48:35.691802+00;bcbd1cb4-c0b0-49c6-bcf5-04521aadf114;true;"[""Nunca/ quase nunca"",""Raramente"",""Às vezes "",""Frequentemente"",""Sempre""]";16;Recebe toda a informação de que necessita para fazer bem o seu trabalho? ;10;multipla_escolha
6a590716-ba2e-4e86-b4a0-198e4ff6def1;Transparência do papel laboral desempenhado;2025-12-10 19:48:35.691802+00;091c0284-d5e6-4906-98c3-e9c06550c9d6;true;"[""Nunca/ quase nunca"",""Raramente"",""Às vezes "",""Frequentemente"",""Sempre""]";17;O seu trabalho apresenta objetivos claros?;10;multipla_escolha
6a590716-ba2e-4e86-b4a0-198e4ff6def1;Transparência do papel laboral desempenhado;2025-12-10 19:48:35.691802+00;0e6a739a-212f-414f-b4d4-708b2bda8b9b;true;"[""Nunca/ quase nunca"",""Raramente"",""Às vezes "",""Frequentemente"",""Sempre""]";18;Sabe exatamente quais as suas responsabilidades?;10;multipla_escolha
6a590716-ba2e-4e86-b4a0-198e4ff6def1;Transparência do papel laboral desempenhado;2025-12-10 19:48:35.691802+00;ee2ed816-5fa1-403d-baa8-54e77e5e756b;true;"[""Nunca/ quase nunca"",""Raramente"",""Às vezes "",""Frequentemente"",""Sempre""]";19;Sabe exatamente o que é esperado de você?;10;multipla_escolha
6a590716-ba2e-4e86-b4a0-198e4ff6def1;Recompensas;2025-12-10 19:48:35.691802+00;77de06eb-fe78-49a4-a1e1-5868ce1ed593;true;"[""Nunca/ quase nunca"",""Raramente"",""Às vezes "",""Frequentemente"",""Sempre""]";20;O seu trabalho é reconhecido e apreciado pela gerência?;10;multipla_escolha
324bc331-470a-4c95-97de-fab68536b2bd;Satisfação Laboral;2026-05-08 19:45:15.50251+00;de0c17ec-1c7b-40c3-a57e-e9efcb9f296f;true;[];58;Em relação ao seu trabalho em geral, quão satisfeito está com o seu trabalho de uma forma global?;5;escala
324bc331-470a-4c95-97de-fab68536b2bd;Insegurança Laboral;2026-05-08 19:45:15.50251+00;6bdf6723-29e7-4308-9766-3597c3dbc35b;true;[];59;Sente-se preocupado em ficar desempregado?;5;escala
324bc331-470a-4c95-97de-fab68536b2bd;Saúde Geral;2026-05-08 19:45:15.50251+00;1f8495e8-4072-4f9b-a832-c015cfbf784d;true;[];60;Em geral, sente que a sua saúde é:;5;escala
324bc331-470a-4c95-97de-fab68536b2bd;Conflito Trabalho–Família;2026-05-08 19:45:15.50251+00;8915979e-1093-4503-8b9c-c5e880adf547;true;[];61;Sente que o seu trabalho lhe exige muita energia que acaba por afetar a sua vida privada negativamente?;5;escala
324bc331-470a-4c95-97de-fab68536b2bd;Conflito Trabalho–Família;2026-05-08 19:45:15.50251+00;f9ce90df-5494-40d9-bdfb-3fe0f816f7b2;true;[];62;Sente que o seu trabalho lhe exige muito tempo que acaba por afetar a sua vida privada negativamente?;5;escala
6a590716-ba2e-4e86-b4a0-198e4ff6def1;Recompensas;2025-12-10 19:48:35.691802+00;9206cbfa-465e-4880-b74a-b3a98b45f0d0;true;"[""Nunca/ quase nunca"",""Raramente"",""Às vezes "",""Frequentemente"",""Sempre""]";21;A gerência do seu local de trabalho respeita-o?;10;multipla_escolha
6a590716-ba2e-4e86-b4a0-198e4ff6def1;Recompensas;2025-12-10 19:48:35.691802+00;10a28663-6653-4f8b-bf6f-faba4fabb7bd;true;"[""Nunca/ quase nunca"",""Raramente"",""Às vezes "",""Frequentemente"",""Sempre""]";22;É tratado de forma justa no seu local de trabalho?;10;multipla_escolha
6a590716-ba2e-4e86-b4a0-198e4ff6def1;Conflitos Laborais;2025-12-10 19:48:35.691802+00;0780497c-364c-4434-8e31-938f2a9fb820;true;"[""Nunca/ quase nunca"",""Raramente"",""Às vezes "",""Frequentemente"",""Sempre""]";23;Faz coisas no seu trabalho que uns concordam mas outros não?;10;multipla_escolha
6a590716-ba2e-4e86-b4a0-198e4ff6def1;Conflitos Laborais;2025-12-10 19:48:35.691802+00;e3d03ade-eb0d-4d2d-b3ae-da425882a3d2;true;"[""Nunca/ quase nunca"",""Raramente"",""Às vezes "",""Frequentemente"",""Sempre""]";24;Por vezes tem que fazer coisas que deveriam ser feitas de outra maneira?;10;multipla_escolha
6a590716-ba2e-4e86-b4a0-198e4ff6def1;Conflitos Laborais;2025-12-10 19:48:35.691802+00;e251bb69-ec9a-4c5d-8046-94e6ba12f1d3;true;"[""Nunca/ quase nunca"",""Raramente"",""Às vezes "",""Frequentemente"",""Sempre""]";25;Por vezes tem que fazer coisas que considera desnecessárias?;10;multipla_escolha
6a590716-ba2e-4e86-b4a0-198e4ff6def1;Apoio social de colegas;2025-12-10 19:48:35.691802+00;c7bf3416-c623-4268-b2c3-524cd8006c89;true;"[""Nunca/ quase nunca"",""Raramente"",""Às vezes "",""Frequentemente"",""Sempre""]";26;Com que frequência tem ajuda e apoio dos seus colegas de trabalho?;10;multipla_escolha
6a590716-ba2e-4e86-b4a0-198e4ff6def1;Apoio social de colegas;2025-12-10 19:48:35.691802+00;6697c924-1b06-44db-b51b-20be00e51c85;true;"[""Nunca/ quase nunca"",""Raramente"",""Às vezes "",""Frequentemente"",""Sempre""]";27;Com que frequência os seus colegas estão dispostos a ouvi-lo(a) sobre os seus problemas de trabalho?;10;multipla_escolha
6a590716-ba2e-4e86-b4a0-198e4ff6def1;Apoio social de colegas;2025-12-10 19:48:35.691802+00;b609f312-913a-48b6-bab9-860a75bf314a;true;"[""Nunca/ quase nunca"",""Raramente"",""Às vezes "",""Frequentemente"",""Sempre""]";28;Com que frequência os seus colegas falam com você acerca do seu desempenho laboral?;10;multipla_escolha
6a590716-ba2e-4e86-b4a0-198e4ff6def1;Apoio social de superiores;2025-12-10 19:48:35.691802+00;59e06ed2-f2f9-46a8-a4d3-cda89a8dd24f;true;"[""Nunca/ quase nunca"",""Raramente"",""Às vezes "",""Frequentemente"",""Sempre""]";29;Com que frequência o seu superior imediato fala com você sobre como está a decorrer o seu trabalho? ;10;multipla_escolha
6a590716-ba2e-4e86-b4a0-198e4ff6def1;Apoio social de superiores;2025-12-10 19:48:35.691802+00;5422887e-ede1-4422-84d4-0df2e3438638;true;"[""Nunca/ quase nunca"",""Raramente"",""Às vezes "",""Frequentemente"",""Sempre""]";30;Com que frequência tem ajuda e apoio do seu superior imediato?;10;multipla_escolha
6a590716-ba2e-4e86-b4a0-198e4ff6def1;Apoio social de superiores;2025-12-10 19:48:35.691802+00;0da81805-2c00-4ac4-92fc-beb1c433f5fb;true;"[""Nunca/ quase nunca"",""Raramente"",""Às vezes "",""Frequentemente"",""Sempre""]";31;Com que frequência o seu superior imediato fala com você em relação ao seu desempenho laboral?;10;multipla_escolha
6a590716-ba2e-4e86-b4a0-198e4ff6def1;Comunidade social no trabalho;2025-12-10 19:48:35.691802+00;d79a19c4-92e8-498c-ae7a-31eb6efa32a5;true;"[""Nunca/ quase nunca"",""Raramente"",""Às vezes "",""Frequentemente"",""Sempre""]";32;Existe um bom ambiente de trabalho entre você e os seus colegas?;10;multipla_escolha
6a590716-ba2e-4e86-b4a0-198e4ff6def1;Comunidade social no trabalho;2025-12-10 19:48:35.691802+00;6e8f5f61-1ee0-4c4d-a1e3-ae32572e9725;true;"[""Nunca/ quase nunca"",""Raramente"",""Às vezes "",""Frequentemente"",""Sempre""]";33;Existe uma boa cooperação entre os seus colegas de trabalho? ;10;multipla_escolha
6a590716-ba2e-4e86-b4a0-198e4ff6def1;Comunidade social no trabalho;2025-12-10 19:48:35.691802+00;509cda65-04e0-4ab0-8fb5-f5558ac1104a;true;"[""Nunca/ quase nunca"",""Raramente"",""Às vezes "",""Frequentemente"",""Sempre""]";34;No seu local de trabalho sente-se parte de uma comunidade?;10;multipla_escolha
6a590716-ba2e-4e86-b4a0-198e4ff6def1;Qualidade da liderança;2025-12-10 19:48:35.691802+00;98bab13d-fa06-4f1b-a32a-2f3499fc722a;true;"[""Nunca/ quase nunca"",""Raramente"",""Às vezes "",""Frequentemente"",""Sempre""]";35;Em relação à sua chefia direta até que ponto considera que oferece aos indivíduos e ao grupo boas oportunidades de desenvolvimento?;10;multipla_escolha
6a590716-ba2e-4e86-b4a0-198e4ff6def1;Qualidade da liderança;2025-12-10 19:48:35.691802+00;829f78b6-220f-45c9-bf2c-a781657ee434;true;"[""Nunca/ quase nunca"",""Raramente"",""Às vezes "",""Frequentemente"",""Sempre""]";36;Em relação à sua chefia direta até que ponto considera que da prioridade à satisfação no trabalho?;10;multipla_escolha
6a590716-ba2e-4e86-b4a0-198e4ff6def1;Qualidade da liderança;2025-12-10 19:48:35.691802+00;537e31d3-3091-4b75-ba80-9719ba9327ef;true;"[""Nunca/ quase nunca"",""Raramente"",""Às vezes "",""Frequentemente"",""Sempre""]";37;Em relação à sua chefia direta até que ponto considera que é bom no planeamento do trabalho?;10;multipla_escolha
6a590716-ba2e-4e86-b4a0-198e4ff6def1;Qualidade da liderança;2025-12-10 19:48:35.691802+00;32c06baa-0065-42fc-b415-71e0a830723e;true;"[""Nunca/ quase nunca"",""Raramente"",""Às vezes "",""Frequentemente"",""Sempre""]";38;Em relação à sua chefia direta até que ponto considera que é bom em resolver conflitos?;10;multipla_escolha
6a590716-ba2e-4e86-b4a0-198e4ff6def1;Confiança horizontal;2025-12-10 19:48:35.691802+00;104bddc8-c553-4458-a725-9c428fe98cf3;true;"[""Nunca/ quase nunca"",""Raramente"",""Às vezes "",""Frequentemente"",""Sempre""]";39;"(As questões seguintes referem-se ao seu local de trabalho como um todo.)

Os funcionários ocultam informações uns dos outros?";10;multipla_escolha
6a590716-ba2e-4e86-b4a0-198e4ff6def1;Confiança horizontal;2025-12-10 19:48:35.691802+00;ab3f555e-af13-4c9b-bb99-fb7a3aae0743;true;"[""Nunca/ quase nunca"",""Raramente"",""Às vezes "",""Frequentemente"",""Sempre""]";40;Os funcionários ocultam informação da gerência? ;10;multipla_escolha
324bc331-470a-4c95-97de-fab68536b2bd;Conflito Trabalho–Família;2026-05-08 19:45:15.50251+00;f09d0936-0682-4103-bf2e-1ca4f14aef1f;true;[];63;A sua família e os seus amigos dizem-lhe que trabalha demais?;5;escala
324bc331-470a-4c95-97de-fab68536b2bd;Problemas em Dormir;2026-05-08 19:45:15.50251+00;e4206d89-509f-4d97-b40e-fc02c1cf011a;true;[];64;Com que frequência durante as últimas 4 semanas sentiu dificuldade a adormecer?;5;escala
324bc331-470a-4c95-97de-fab68536b2bd;Problemas em Dormir;2026-05-08 19:45:15.50251+00;c9e7f5c9-b3ad-4ee9-9f66-cbb409741787;true;[];65;Com que frequência durante as últimas 4 semanas acordou várias vezes durante a noite e depois não conseguia adormecer novamente?;5;escala
324bc331-470a-4c95-97de-fab68536b2bd;Burnout;2026-05-08 19:45:15.50251+00;1badf47a-19c2-4511-89a9-e2a7f3a9d3c6;true;[];66;Com que frequência durante as últimas 4 semanas sentiu-se fisicamente exausto?;5;escala
324bc331-470a-4c95-97de-fab68536b2bd;Burnout;2026-05-08 19:45:15.50251+00;50c0c46c-8f16-4c27-aac0-9e47a2d3c814;true;[];67;Com que frequência durante as últimas 4 semanas sentiu-se emocionalmente exausto?;5;escala
324bc331-470a-4c95-97de-fab68536b2bd;Stress;2026-05-08 19:45:15.50251+00;6eccecbc-3b4a-40db-9432-c7ec80088db2;true;[];68;Com que frequência durante as últimas 4 semanas sentiu-se irritado?;5;escala
324bc331-470a-4c95-97de-fab68536b2bd;Stress;2026-05-08 19:45:15.50251+00;8262c258-3c12-4d69-83ce-8a2ce4b67c45;true;[];69;Com que frequência durante as últimas 4 semanas sentiu-se ansioso?;5;escala
324bc331-470a-4c95-97de-fab68536b2bd;Sintomas Depressivos;2026-05-08 19:45:15.50251+00;da3c1ce6-d680-49e6-995e-d6b60a97336f;true;[];70;Com que frequência durante as últimas 4 semanas sentiu-se triste?;5;escala
324bc331-470a-4c95-97de-fab68536b2bd;Sintomas Depressivos;2026-05-08 19:45:15.50251+00;5ba8c966-fce5-43e9-a40f-e7287ff6afa0;true;[];71;Com que frequência durante as últimas 4 semanas sentiu falta de interesse por coisas quotidianas?;5;escala
0008baf1-ddc4-453d-b4ff-d37e1418ffe5;Significado do Trabalho;2026-03-01 18:14:51.518913+00;7204b6db-ad66-4abb-a205-fa8af2f7dfe4;true;[];53;Sente-se motivado e envolvido com o seu trabalho?;1;escala
0008baf1-ddc4-453d-b4ff-d37e1418ffe5;Compromisso c/ Local de Trabalho;2026-03-01 18:14:51.518913+00;63821ed5-fe30-4ac7-b405-9d17f77fb7be;true;[];54;Gosta de falar com os outros sobre o seu local de trabalho?;1;escala
0008baf1-ddc4-453d-b4ff-d37e1418ffe5;Compromisso c/ Local de Trabalho;2026-03-01 18:14:51.518913+00;9b027105-7dc7-4ba7-8216-1bef27181294;true;[];55;Sente que os problemas do seu local de trabalho são seus também?;1;escala
0008baf1-ddc4-453d-b4ff-d37e1418ffe5;Satisfação Laboral;2026-03-01 18:14:51.518913+00;57935bfd-0c61-4acd-b16a-be68dac0556b;true;[];56;Em relação ao seu trabalho em geral, quão satisfeito está com as suas perspectivas de trabalho?;1;escala
0008baf1-ddc4-453d-b4ff-d37e1418ffe5;Exigências Quantitativas;2026-03-01 18:14:51.518913+00;f8c368a8-696f-4acc-9e7a-252bbfce22c9;true;[];1;A sua carga de trabalho acumula-se por ser mal distribuída?;1;escala
29e94771-de91-49eb-bcd2-150bf9ea3d71;Exigências Quantitativas;2026-01-26 14:25:45.125277+00;54c4dac2-fabb-4dba-862e-c82b79bfebbf;true;"[""Nunca/ quase nunca"",""Raramente"",""Às vezes "",""Frequentemente"",""Sempre""]";0;A sua carga de trabalho acumula-se por ser mal distribuída? ;5;multipla_escolha
29e94771-de91-49eb-bcd2-150bf9ea3d71;Exigências Quantitativas;2026-01-26 14:25:45.125277+00;9444ea7e-0829-4b9a-a013-c64c8c6d09a5;true;"[""Nunca/ quase nunca"",""Raramente"",""Às vezes "",""Frequentemente"",""Sempre""]";1;Com que frequência não tem tempo para completar todas as tarefas do seu trabalho? ;5;multipla_escolha
29e94771-de91-49eb-bcd2-150bf9ea3d71;Exigências Quantitativas;2026-01-26 14:25:45.125277+00;b7afb0f4-7bbd-4c33-9f2e-5a0e96e696d6;true;"[""Nunca/ quase nunca"",""Raramente"",""Às vezes "",""Frequentemente"",""Sempre""]";2;Precisa fazer horas-extra?;5;multipla_escolha
29e94771-de91-49eb-bcd2-150bf9ea3d71;Ritmo de Trabalho;2026-01-26 14:25:45.125277+00;7dcd832a-c085-4d7e-ac54-621ce468f8dc;true;"[""Nunca/ quase nunca"",""Raramente"",""Às vezes "",""Frequentemente"",""Sempre""]";3;Precisa trabalhar muito rapidamente?;5;multipla_escolha
29e94771-de91-49eb-bcd2-150bf9ea3d71;Exigências Cognitivas;2026-01-26 14:25:45.125277+00;89f178b2-1e00-4987-b94a-5102cb3729e4;true;"[""Nunca/ quase nunca"",""Raramente"",""Às vezes "",""Frequentemente"",""Sempre""]";4;O seu trabalho exige a sua atenção constante?;5;multipla_escolha
29e94771-de91-49eb-bcd2-150bf9ea3d71;Exigências Cognitivas;2026-01-26 14:25:45.125277+00;9915201e-6d74-457e-8e75-012b300470fe;true;"[""Nunca/ quase nunca"",""Raramente"",""Às vezes "",""Frequentemente"",""Sempre""]";5;O seu trabalho requer que seja bom a propor novas ideias?;5;multipla_escolha
29e94771-de91-49eb-bcd2-150bf9ea3d71;Exigências Cognitivas;2026-01-26 14:25:45.125277+00;d3c03ff0-7ac1-4c05-852b-13371aa7fd7c;true;"[""Nunca/ quase nunca"",""Raramente"",""Às vezes "",""Frequentemente"",""Sempre""]";6;O seu trabalho exige que tome decisões difíceis?;5;multipla_escolha
29e94771-de91-49eb-bcd2-150bf9ea3d71;Exigências Emocionais;2026-01-26 14:25:45.125277+00;ab0df99b-6df9-43f5-84b6-e1277b69e5b0;true;"[""Nunca/ quase nunca"",""Raramente"",""Às vezes "",""Frequentemente"",""Sempre""]";7;O seu trabalho te exige emocionalmente?;5;multipla_escolha
29e94771-de91-49eb-bcd2-150bf9ea3d71;Influência no Trabalho;2026-01-26 14:25:45.125277+00;a2628d1c-0c2d-495d-8f59-ac45e89ebc27;true;"[""Nunca/ quase nunca"",""Raramente"",""Às vezes "",""Frequentemente"",""Sempre""]";8;Tem um elevado grau de influência no seu trabalho?;5;multipla_escolha
29e94771-de91-49eb-bcd2-150bf9ea3d71;Influência no Trabalho;2026-01-26 14:25:45.125277+00;5189bac5-6d9f-463e-b9f7-b241fe9d7fba;true;"[""Nunca/ quase nunca"",""Raramente"",""Às vezes "",""Frequentemente"",""Sempre""]";9;Participa na escolha das pessoas com quem trabalha?;5;multipla_escolha
29e94771-de91-49eb-bcd2-150bf9ea3d71;Influência no Trabalho;2026-01-26 14:25:45.125277+00;235efc10-dde2-43fd-afc7-e84b1bf2ecc3;true;"[""Nunca/ quase nunca"",""Raramente"",""Às vezes "",""Frequentemente"",""Sempre""]";10;Pode influenciar a quantidade de trabalho que lhe compete?;5;multipla_escolha
29e94771-de91-49eb-bcd2-150bf9ea3d71;Influência no Trabalho;2026-01-26 14:25:45.125277+00;fcede3a8-92cb-4590-bd38-41cb5e2c780b;true;"[""Nunca/ quase nunca"",""Raramente"",""Às vezes "",""Frequentemente"",""Sempre""]";11;Tem alguma influência sobre o tipo de tarefas que faz?;5;multipla_escolha
29e94771-de91-49eb-bcd2-150bf9ea3d71;Possibilidades de Desenvolvimento;2026-01-26 14:25:45.125277+00;0e53c06b-c793-418b-921f-cc1eede2abe6;true;"[""Nunca/ quase nunca"",""Raramente"",""Às vezes "",""Frequentemente"",""Sempre""]";12;O seu trabalho exige que tenha iniciativa?;5;multipla_escolha
29e94771-de91-49eb-bcd2-150bf9ea3d71;Possibilidades de Desenvolvimento;2026-01-26 14:25:45.125277+00;984f17f5-dc1c-4181-b5f2-cabc9efe1c6c;true;"[""Nunca/ quase nunca"",""Raramente"",""Às vezes "",""Frequentemente"",""Sempre""]";13;O seu trabalho permite-lhe aprender coisas novas?;5;multipla_escolha
29e94771-de91-49eb-bcd2-150bf9ea3d71;Possibilidades de Desenvolvimento;2026-01-26 14:25:45.125277+00;78365e96-7999-44e2-94dd-ccc5f6ca2780;true;"[""Nunca/ quase nunca"",""Raramente"",""Às vezes "",""Frequentemente"",""Sempre""]";14;O seu trabalho permite-lhe usar as suas habilidades ou perícias?;5;multipla_escolha
29e94771-de91-49eb-bcd2-150bf9ea3d71;Previsibilidade;2026-01-26 14:25:45.125277+00;cb2110be-b3e8-4fa7-b4c4-7a6ae5bbffed;true;"[""Nunca/ quase nunca"",""Raramente"",""Às vezes "",""Frequentemente"",""Sempre""]";15;No seu local de trabalho, é informado com antecedência sobre decisões importantes, mudanças ou planos para o futuro?;5;multipla_escolha
29e94771-de91-49eb-bcd2-150bf9ea3d71;Previsibilidade;2026-01-26 14:25:45.125277+00;717952a7-9e03-42e0-9721-f33278af0287;true;"[""Nunca/ quase nunca"",""Raramente"",""Às vezes "",""Frequentemente"",""Sempre""]";16;Recebe toda a informação de que necessita para fazer bem o seu trabalho? ;5;multipla_escolha
29e94771-de91-49eb-bcd2-150bf9ea3d71;Transparência do papel laboral desempenhado;2026-01-26 14:25:45.125277+00;0de6fb3d-a7e5-4c58-9116-edbb7ddc7014;true;"[""Nunca/ quase nunca"",""Raramente"",""Às vezes "",""Frequentemente"",""Sempre""]";17;O seu trabalho apresenta objetivos claros?;5;multipla_escolha
29e94771-de91-49eb-bcd2-150bf9ea3d71;Transparência do papel laboral desempenhado;2026-01-26 14:25:45.125277+00;b8077a33-c61c-412d-82d3-e97920743374;true;"[""Nunca/ quase nunca"",""Raramente"",""Às vezes "",""Frequentemente"",""Sempre""]";18;Sabe exatamente quais as suas responsabilidades?;5;multipla_escolha
29e94771-de91-49eb-bcd2-150bf9ea3d71;Transparência do papel laboral desempenhado;2026-01-26 14:25:45.125277+00;cb45e730-df15-4f06-bb8a-66d2273f10fe;true;"[""Nunca/ quase nunca"",""Raramente"",""Às vezes "",""Frequentemente"",""Sempre""]";19;Sabe exatamente o que é esperado de você?;5;multipla_escolha
29e94771-de91-49eb-bcd2-150bf9ea3d71;Recompensas;2026-01-26 14:25:45.125277+00;5daf5539-6801-4dbf-9206-f2f2e4b2cf5d;true;"[""Nunca/ quase nunca"",""Raramente"",""Às vezes "",""Frequentemente"",""Sempre""]";20;O seu trabalho é reconhecido e apreciado pela gerência?;5;multipla_escolha
29e94771-de91-49eb-bcd2-150bf9ea3d71;Recompensas;2026-01-26 14:25:45.125277+00;15d1ac6e-2d80-4089-bfd0-e03a63b4c139;true;"[""Nunca/ quase nunca"",""Raramente"",""Às vezes "",""Frequentemente"",""Sempre""]";21;A gerência do seu local de trabalho respeita-o?;5;multipla_escolha
29e94771-de91-49eb-bcd2-150bf9ea3d71;Recompensas;2026-01-26 14:25:45.125277+00;3a2c6e37-e477-410b-ab87-4980a5d8a5fe;true;"[""Nunca/ quase nunca"",""Raramente"",""Às vezes "",""Frequentemente"",""Sempre""]";22;É tratado de forma justa no seu local de trabalho?;5;multipla_escolha
29e94771-de91-49eb-bcd2-150bf9ea3d71;Conflitos Laborais;2026-01-26 14:25:45.125277+00;02977605-c218-4648-a574-13f1f7561612;true;"[""Nunca/ quase nunca"",""Raramente"",""Às vezes "",""Frequentemente"",""Sempre""]";23;Faz coisas no seu trabalho que uns concordam mas outros não?;5;multipla_escolha
29e94771-de91-49eb-bcd2-150bf9ea3d71;Conflitos Laborais;2026-01-26 14:25:45.125277+00;2682af8c-8d15-4f1e-81b3-ad7854104c29;true;"[""Nunca/ quase nunca"",""Raramente"",""Às vezes "",""Frequentemente"",""Sempre""]";24;Por vezes tem que fazer coisas que deveriam ser feitas de outra maneira?;5;multipla_escolha
29e94771-de91-49eb-bcd2-150bf9ea3d71;Conflitos Laborais;2026-01-26 14:25:45.125277+00;1543628f-14a1-42d5-8669-21a56710c0c3;true;"[""Nunca/ quase nunca"",""Raramente"",""Às vezes "",""Frequentemente"",""Sempre""]";25;Por vezes tem que fazer coisas que considera desnecessárias?;5;multipla_escolha
29e94771-de91-49eb-bcd2-150bf9ea3d71;Apoio social de colegas;2026-01-26 14:25:45.125277+00;3d2a86cc-53f5-41e6-bbf2-92349c2a65c2;true;"[""Nunca/ quase nunca"",""Raramente"",""Às vezes "",""Frequentemente"",""Sempre""]";26;Com que frequência tem ajuda e apoio dos seus colegas de trabalho?;5;multipla_escolha
29e94771-de91-49eb-bcd2-150bf9ea3d71;Apoio social de colegas;2026-01-26 14:25:45.125277+00;b1bb26a8-95e6-487b-b472-c136a2714165;true;"[""Nunca/ quase nunca"",""Raramente"",""Às vezes "",""Frequentemente"",""Sempre""]";27;Com que frequência os seus colegas estão dispostos a ouvi-lo(a) sobre os seus problemas de trabalho?;5;multipla_escolha
29e94771-de91-49eb-bcd2-150bf9ea3d71;Apoio social de colegas;2026-01-26 14:25:45.125277+00;71bfbf2a-72f3-4d7d-b331-611428430fc1;true;"[""Nunca/ quase nunca"",""Raramente"",""Às vezes "",""Frequentemente"",""Sempre""]";28;Com que frequência os seus colegas falam com você acerca do seu desempenho laboral?;5;multipla_escolha
29e94771-de91-49eb-bcd2-150bf9ea3d71;Apoio social de superiores;2026-01-26 14:25:45.125277+00;19c7c04e-6a94-4990-837b-6bb8555afe2f;true;"[""Nunca/ quase nunca"",""Raramente"",""Às vezes "",""Frequentemente"",""Sempre""]";29;Com que frequência o seu superior imediato fala com você sobre como está a decorrer o seu trabalho? ;5;multipla_escolha
0008baf1-ddc4-453d-b4ff-d37e1418ffe5;Exigências Quantitativas;2026-03-01 18:14:51.518913+00;7f79944c-7b9b-44f8-aeb2-374b127d3ffd;true;[];2;Com que frequência não tem tempo para completar todas as tarefas do seu trabalho?;1;escala
29e94771-de91-49eb-bcd2-150bf9ea3d71;Apoio social de superiores;2026-01-26 14:25:45.125277+00;5c0be5b1-e12b-409a-9049-5b7f2f75a36a;true;"[""Nunca/ quase nunca"",""Raramente"",""Às vezes "",""Frequentemente"",""Sempre""]";30;Com que frequência tem ajuda e apoio do seu superior imediato?;5;multipla_escolha
29e94771-de91-49eb-bcd2-150bf9ea3d71;Apoio social de superiores;2026-01-26 14:25:45.125277+00;fe625c1b-0f14-442c-a739-fc0ef2452690;true;"[""Nunca/ quase nunca"",""Raramente"",""Às vezes "",""Frequentemente"",""Sempre""]";31;Com que frequência o seu superior imediato fala com você em relação ao seu desempenho laboral?;5;multipla_escolha
29e94771-de91-49eb-bcd2-150bf9ea3d71;Comunidade social no trabalho;2026-01-26 14:25:45.125277+00;061ef3fd-66c1-4ae1-b4b0-cd85f3500dcb;true;"[""Nunca/ quase nunca"",""Raramente"",""Às vezes "",""Frequentemente"",""Sempre""]";32;Existe um bom ambiente de trabalho entre você e os seus colegas?;5;multipla_escolha
29e94771-de91-49eb-bcd2-150bf9ea3d71;Comunidade social no trabalho;2026-01-26 14:25:45.125277+00;a47f7b5f-805f-48d7-8a06-5ff23b5ddb9a;true;"[""Nunca/ quase nunca"",""Raramente"",""Às vezes "",""Frequentemente"",""Sempre""]";33;Existe uma boa cooperação entre os seus colegas de trabalho? ;5;multipla_escolha
29e94771-de91-49eb-bcd2-150bf9ea3d71;Comunidade social no trabalho;2026-01-26 14:25:45.125277+00;ab9afd3a-c6b0-40b4-945c-ad08180ea2db;true;"[""Nunca/ quase nunca"",""Raramente"",""Às vezes "",""Frequentemente"",""Sempre""]";34;No seu local de trabalho sente-se parte de uma comunidade?;5;multipla_escolha
29e94771-de91-49eb-bcd2-150bf9ea3d71;Qualidade da liderança;2026-01-26 14:25:45.125277+00;fd802de3-e9c3-4b8b-8778-d236c4331d11;true;"[""Nunca/ quase nunca"",""Raramente"",""Às vezes "",""Frequentemente"",""Sempre""]";35;Em relação à sua chefia direta até que ponto considera que oferece aos indivíduos e ao grupo boas oportunidades de desenvolvimento?;5;multipla_escolha
29e94771-de91-49eb-bcd2-150bf9ea3d71;Qualidade da liderança;2026-01-26 14:25:45.125277+00;7e18c6e0-8e25-4ed9-a975-091428464d0a;true;"[""Nunca/ quase nunca"",""Raramente"",""Às vezes "",""Frequentemente"",""Sempre""]";36;Em relação à sua chefia direta até que ponto considera que da prioridade à satisfação no trabalho?;5;multipla_escolha
29e94771-de91-49eb-bcd2-150bf9ea3d71;Qualidade da liderança;2026-01-26 14:25:45.125277+00;fe4527cd-11cd-489c-a755-20fa916b8f65;true;"[""Nunca/ quase nunca"",""Raramente"",""Às vezes "",""Frequentemente"",""Sempre""]";37;Em relação à sua chefia direta até que ponto considera que é bom no planeamento do trabalho?;5;multipla_escolha
29e94771-de91-49eb-bcd2-150bf9ea3d71;Qualidade da liderança;2026-01-26 14:25:45.125277+00;2172e913-4a8d-45a9-8ca7-9fc71d18d865;true;"[""Nunca/ quase nunca"",""Raramente"",""Às vezes "",""Frequentemente"",""Sempre""]";38;Em relação à sua chefia direta até que ponto considera que é bom em resolver conflitos?;5;multipla_escolha
29e94771-de91-49eb-bcd2-150bf9ea3d71;Confiança horizontal;2026-01-26 14:25:45.125277+00;1b2905fc-993a-43aa-8da5-1cd59c8c20fe;true;"[""Nunca/ quase nunca"",""Raramente"",""Às vezes "",""Frequentemente"",""Sempre""]";39;"(ESTA QUESTÃO REFERE-SE AO SEU LOCAL DE TRABALHO COMO UM TODO)

Os funcionários ocultam informações uns dos outros?";5;multipla_escolha
29e94771-de91-49eb-bcd2-150bf9ea3d71;Confiança horizontal;2026-01-26 14:25:45.125277+00;2a7e0100-5062-43c7-a962-f7261f6978e4;true;"[""Nunca/ quase nunca"",""Raramente"",""Às vezes "",""Frequentemente"",""Sempre""]";40;"(ESTA QUESTÃO REFERE-SE AO SEU LOCAL DE TRABALHO COMO UM TODO)

Os funcionários ocultam informação da gerência? ";5;multipla_escolha
29e94771-de91-49eb-bcd2-150bf9ea3d71;Confiança horizontal;2026-01-26 14:25:45.125277+00;a6b286ef-8450-4137-9cc4-f2d55ff1869a;true;"[""Nunca/ quase nunca"",""Raramente"",""Às vezes "",""Frequentemente"",""Sempre""]";41;"(ESTA QUESTÃO REFERE-SE AO SEU LOCAL DE TRABALHO COMO UM TODO)

Os funcionários confiam uns nos outros de um modo geral? ";5;multipla_escolha
29e94771-de91-49eb-bcd2-150bf9ea3d71;Confiança vertical;2026-01-26 14:25:45.125277+00;942a2551-93e1-4af3-9d8c-b6dd962d1828;true;"[""Nunca/ quase nunca"",""Raramente"",""Às vezes "",""Frequentemente"",""Sempre""]";42;"(ESTA QUESTÃO REFERE-SE AO SEU LOCAL DE TRABALHO COMO UM TODO)

A gerência confia nos seus funcionários para fazerem o seu trabalho bem? ";5;multipla_escolha
29e94771-de91-49eb-bcd2-150bf9ea3d71;Confiança vertical;2026-01-26 14:25:45.125277+00;28cc43ec-fa6b-4e0f-a265-1e4f894f2f32;true;"[""Nunca/ quase nunca"",""Raramente"",""Às vezes "",""Frequentemente"",""Sempre""]";43;"(ESTA QUESTÃO REFERE-SE AO SEU LOCAL DE TRABALHO COMO UM TODO)

Confia na informação que lhe é transmitida pela gerência?";5;multipla_escolha
29e94771-de91-49eb-bcd2-150bf9ea3d71;Confiança vertical;2026-01-26 14:25:45.125277+00;662de94d-d15e-4598-93e2-6a1d6d56d715;true;"[""Nunca/ quase nunca"",""Raramente"",""Às vezes "",""Frequentemente"",""Sempre""]";44;"(ESTA QUESTÃO REFERE-SE AO SEU LOCAL DE TRABALHO COMO UM TODO)

A gerência oculta informação aos seus funcionários?";5;multipla_escolha
29e94771-de91-49eb-bcd2-150bf9ea3d71;Justiça e respeito;2026-01-26 14:25:45.125277+00;61c40b17-501f-42a2-8448-d41a18bb0f88;true;"[""Nunca/ quase nunca"",""Raramente"",""Às vezes "",""Frequentemente"",""Sempre""]";45;"(ESTA QUESTÃO REFERE-SE AO SEU LOCAL DE TRABALHO COMO UM TODO)

Os conflitos são resolvidos de uma forma justa?";5;multipla_escolha
29e94771-de91-49eb-bcd2-150bf9ea3d71;Justiça e respeito;2026-01-26 14:25:45.125277+00;184ab71f-1a9e-41dc-939c-34e7a3c1e0f7;true;"[""Nunca/ quase nunca"",""Raramente"",""Às vezes "",""Frequentemente"",""Sempre""]";46;"(ESTA QUESTÃO REFERE-SE AO SEU LOCAL DE TRABALHO COMO UM TODO)

As sugestões dos funcionários são tratadas de forma séria pela gerência?";5;multipla_escolha
29e94771-de91-49eb-bcd2-150bf9ea3d71;Justiça e respeito;2026-01-26 14:25:45.125277+00;c750281a-558d-486b-9eda-eb9ce58aafdf;true;"[""Nunca/ quase nunca"",""Raramente"",""Às vezes "",""Frequentemente"",""Sempre""]";47;"(ESTA QUESTÃO REFERE-SE AO SEU LOCAL DE TRABALHO COMO UM TODO)

O trabalho é igualmente distribuído entre os funcionários?";5;multipla_escolha
29e94771-de91-49eb-bcd2-150bf9ea3d71;Auto-eficácia;2026-01-26 14:25:45.125277+00;c2a51937-5b6a-4728-96e9-6ffc7f28d594;true;"[""Nunca/ quase nunca"",""Raramente"",""Às vezes "",""Frequentemente"",""Sempre""]";48;"(ESTA QUESTÃO REFERE-SE AO SEU LOCAL DE TRABALHO COMO UM TODO)

Sou sempre capaz de resolver problemas, se tentar o suficiente. ";5;multipla_escolha
29e94771-de91-49eb-bcd2-150bf9ea3d71;Auto-eficácia;2026-01-26 14:25:45.125277+00;7cabdff6-9c60-47f4-951b-371fca84da00;true;"[""Nunca/ quase nunca"",""Raramente"",""Às vezes "",""Frequentemente"",""Sempre""]";49;É fácil seguir os meus planos e atingir os meus objetivos.;5;multipla_escolha
29e94771-de91-49eb-bcd2-150bf9ea3d71;Significado do trabalho;2026-01-26 14:25:45.125277+00;f53965c8-31d8-438c-a099-741286ea8da3;true;"[""Nada/ quase nada"",""Um pouco"",""Moderadamente"",""Muito"",""Extremamente""]";50;O seu trabalho tem algum significado para você?;5;multipla_escolha
29e94771-de91-49eb-bcd2-150bf9ea3d71;Significado do trabalho;2026-01-26 14:25:45.125277+00;8c39cd39-5621-4b0c-9385-5de6afbe7430;true;"[""Nada/ quase nada"",""Um pouco"",""Moderadamente"",""Muito"",""Extremamente""]";51;Sente que o seu trabalho é importante?;5;multipla_escolha
29e94771-de91-49eb-bcd2-150bf9ea3d71;Significado do trabalho;2026-01-26 14:25:45.125277+00;3d05bd93-6ec7-4e8b-81ff-d81b570eea15;true;"[""Nada/ quase nada"",""Um pouco"",""Moderadamente"",""Muito"",""Extremamente""]";52;Sente-se motivado e envolvido com o seu trabalho?;5;multipla_escolha
29e94771-de91-49eb-bcd2-150bf9ea3d71;Compromisso face ao local de trabalho;2026-01-26 14:25:45.125277+00;b9260bb8-cf34-414f-ad4a-228931f298b9;true;"[""Nada/ quase nada"",""Um pouco"",""Moderadamente"",""Muito"",""Extremamente""]";53;Gosta de falar com os outros sobre o seu local de trabalho?;5;multipla_escolha
29e94771-de91-49eb-bcd2-150bf9ea3d71;Compromisso face ao local de trabalho;2026-01-26 14:25:45.125277+00;33243321-ad4f-4894-a843-ecf59b5edaf4;true;"[""Nada/ quase nada"",""Um pouco"",""Moderadamente"",""Muito"",""Extremamente""]";54;Sente que os problemas do seu local de trabalho são seus também?;5;multipla_escolha
29e94771-de91-49eb-bcd2-150bf9ea3d71;Satisfação no trabalho;2026-01-26 14:25:45.125277+00;3f3ba676-d59d-4b12-a615-210be43e1897;true;"[""Nada/ quase nada"",""Um pouco"",""Moderadamente"",""Muito"",""Extremamente""]";55;Em relação ao seu trabalho em geral, quão satisfeito está com as suas perspectivas de trabalho? ;5;multipla_escolha
29e94771-de91-49eb-bcd2-150bf9ea3d71;Satisfação no trabalho;2026-01-26 14:25:45.125277+00;9abe90bb-455b-4edd-843c-2f720e90ec8f;true;"[""Nada/ quase nada"",""Um pouco"",""Moderadamente"",""Muito"",""Extremamente""]";56;Em relação ao seu trabalho em geral, quão satisfeito está com as condições físicas do seu local de trabalho? ;5;multipla_escolha
0008baf1-ddc4-453d-b4ff-d37e1418ffe5;Exigências Quantitativas;2026-03-01 18:14:51.518913+00;bf97419d-2059-46b7-ad55-30329438489d;true;[];3;Precisa fazer horas-extra?;1;escala
29e94771-de91-49eb-bcd2-150bf9ea3d71;Satisfação no trabalho;2026-01-26 14:25:45.125277+00;de17bb14-ab94-4ef9-a03c-319e89fe44bd;true;"[""Nada/ quase nada"",""Um pouco"",""Moderadamente"",""Muito"",""Extremamente""]";57;Em relação ao seu trabalho em geral, quão satisfeito está com a forma como as suas capacidades são utilizadas?;5;multipla_escolha
29e94771-de91-49eb-bcd2-150bf9ea3d71;Satisfação no trabalho;2026-01-26 14:25:45.125277+00;ee9b2aab-cb4b-4df9-a925-94330c89c7be;true;"[""Nada/ quase nada"",""Um pouco"",""Moderadamente"",""Muito"",""Extremamente""]";58;Em relação ao seu trabalho em geral, quão satisfeito está com o seu trabalho de uma forma global?;5;multipla_escolha
29e94771-de91-49eb-bcd2-150bf9ea3d71;Insegurança Laboral;2026-01-26 14:25:45.125277+00;6b0e2152-6279-4f08-823f-d8b67ff36d2f;true;"[""Nada/ quase nada"",""Um pouco"",""Moderadamente"",""Muito"",""Extremamente""]";59;Sente-se preocupado em ficar desempregado?;5;multipla_escolha
29e94771-de91-49eb-bcd2-150bf9ea3d71;Saúde Geral;2026-01-26 14:25:45.125277+00;cb79b19b-1efb-4b34-aebc-d2a7a1eebd49;true;"[""Excelente"",""Muito boa "",""Boa"",""Razoável"",""Deficitária""]";60;Em geral, sente que a sua saúde é:;5;multipla_escolha
29e94771-de91-49eb-bcd2-150bf9ea3d71;Conflito trabalho/ família;2026-01-26 14:25:45.125277+00;213735c3-abb8-4996-9656-0f544c87dcfb;true;"[""Nada/ quase nada"",""Um pouco"",""Moderadamente"",""Muito"",""Extremamente""]";61;"(ESTA QUESTÃO REFERE-SE AO MODO COMO O SEU TRABALHO AFETA A SUA VIDA PRIVADA)

Sente que o seu trabalho lhe exige muita ENERGIA que acaba por afetar a sua vida privada negativamente? ";5;multipla_escolha
29e94771-de91-49eb-bcd2-150bf9ea3d71;Conflito trabalho/ família;2026-01-26 14:25:45.125277+00;58ad119f-43ee-45b6-8373-e8fe867636dd;true;"[""Nada/ quase nada"",""Um pouco"",""Moderadamente"",""Muito"",""Extremamente""]";62;"(ESTA QUESTÃO REFERE-SE AO MODO COMO O SEU TRABALHO AFETA A SUA VIDA PRIVADA)

Sente que o seu trabalho lhe exige muito TEMPO que acaba por afetar a sua vida privada negativamente? ";5;multipla_escolha
29e94771-de91-49eb-bcd2-150bf9ea3d71;Conflito trabalho/ família;2026-01-26 14:25:45.125277+00;98b1795d-e3fa-44ca-9de0-d6544f3456f7;true;"[""Nada/ quase nada"",""Um pouco"",""Moderadamente"",""Muito"",""Extremamente""]";63;"(ESTA QUESTÃO REFERE-SE AO MODO COMO O SEU TRABALHO AFETA A SUA VIDA PRIVADA)

A sua família e os seus amigos dizem-lhe que trabalha demais?";5;multipla_escolha
29e94771-de91-49eb-bcd2-150bf9ea3d71;Problemas em dormir;2026-01-26 14:25:45.125277+00;758bebd8-4543-4416-9929-822faabf9223;true;"[""Nunca/ quase nunca"",""Raramente"",""Às vezes"",""Frequentemente"",""Sempre""]";64;Com que frequência DURANTE AS ÚLTIMAS 4 SEMANAS sentiu dificuldade para dormir? ;5;multipla_escolha
29e94771-de91-49eb-bcd2-150bf9ea3d71;Problemas em dormir;2026-01-26 14:25:45.125277+00;d5fceb0e-4717-4c97-b02b-fe95607d8238;true;"[""Nunca/ quase nunca"",""Raramente"",""Às vezes"",""Frequentemente"",""Sempre""]";65;Com que frequência DURANTE AS ÚLTIMAS 4 SEMANAS sentiu que acordou várias vezes durante a noite e depois não conseguia adormecer novamente? ;5;multipla_escolha
29e94771-de91-49eb-bcd2-150bf9ea3d71;Burnout;2026-01-26 14:25:45.125277+00;4ae7e87d-120a-41c4-b180-508c5d83c220;true;"[""Nunca/ quase nunca"",""Raramente"",""Às vezes"",""Frequentemente"",""Sempre""]";66;Com que frequência DURANTE AS ÚLTIMAS 4 SEMANAS se sentiu fisicamente exausto?;5;multipla_escolha
29e94771-de91-49eb-bcd2-150bf9ea3d71;Burnout;2026-01-26 14:25:45.125277+00;09ae0301-0025-45c1-a9b6-b6270ece6a78;true;"[""Nunca/ quase nunca"",""Raramente"",""Às vezes"",""Frequentemente"",""Sempre""]";67;Com que frequência DURANTE AS ÚLTIMAS 4 SEMANAS se sentiu emocionalmente exausto? ;5;multipla_escolha
29e94771-de91-49eb-bcd2-150bf9ea3d71;Stress;2026-01-26 14:25:45.125277+00;15fabb59-e836-4327-9cb5-764633ec9f8b;true;"[""Nunca/ quase nunca"",""Raramente"",""Às vezes"",""Frequentemente"",""Sempre""]";68;Com que frequência DURANTE AS ÚLTIMAS 4 SEMANAS se sentiu irritado?;5;multipla_escolha
29e94771-de91-49eb-bcd2-150bf9ea3d71;Stress;2026-01-26 14:25:45.125277+00;4845dc04-a01a-424a-b705-bb9b73aab829;true;"[""Nunca/ quase nunca"",""Raramente"",""Às vezes"",""Frequentemente"",""Sempre""]";69;Com que frequência DURANTE AS ÚLTIMAS 4 SEMANAS se sentiu ansioso? ;5;multipla_escolha
29e94771-de91-49eb-bcd2-150bf9ea3d71;Sintomas depressivos;2026-01-26 14:25:45.125277+00;c4322b82-a10e-4f74-b5a1-73d99121a87d;true;"[""Nunca/ quase nunca"",""Raramente"",""Às vezes"",""Frequentemente"",""Sempre""]";70;Com que frequência DURANTE AS ÚLTIMAS 4 SEMANAS se sentiu triste?;5;multipla_escolha
29e94771-de91-49eb-bcd2-150bf9ea3d71;Sintomas depressivos;2026-01-26 14:25:45.125277+00;0c3cc388-bd6c-48dc-96dc-ea51e442f8d2;true;"[""Nunca/ quase nunca"",""Raramente"",""Às vezes"",""Frequentemente"",""Sempre""]";71;Com que frequência DURANTE AS ÚLTIMAS 4 SEMANAS sentiu falta de interesse por coisas cotidianas? ;5;multipla_escolha
29e94771-de91-49eb-bcd2-150bf9ea3d71;Comportamentos ofensivos ;2026-01-26 14:25:45.125277+00;3dfc18cd-69bc-4f8c-91a0-24f6fbacb7f8;true;"[""Nunca/ quase nunca"",""Raramente"",""Às vezes"",""Frequentemente"",""Sempre""]";72;Nos ÚLTIMOS 12 MESES, no seu LOCAL DE TRABALHO tem sido alvo de insultos ou provocações verbais?  ;5;multipla_escolha
29e94771-de91-49eb-bcd2-150bf9ea3d71;Comportamentos ofensivos ;2026-01-26 14:25:45.125277+00;c69004fe-ed08-4e0a-bca6-1ab659f987c2;true;"[""Nunca/ quase nunca"",""Raramente"",""Às vezes"",""Frequentemente"",""Sempre""]";73;Nos ÚLTIMOS 12 MESES, no seu LOCAL DE TRABALHO tem sido exposto a assédio sexual indesejado?;5;multipla_escolha
29e94771-de91-49eb-bcd2-150bf9ea3d71;Comportamentos ofensivos ;2026-01-26 14:25:45.125277+00;5188a936-c403-499d-8543-9655d1166cce;true;"[""Nunca/ quase nunca"",""Raramente"",""Às vezes"",""Frequentemente"",""Sempre""]";74;Nos ÚLTIMOS 12 MESES, no seu LOCAL DE TRABALHO tem sido exposto a ameaças de violência? ;5;multipla_escolha
29e94771-de91-49eb-bcd2-150bf9ea3d71;Comportamentos ofensivos ;2026-01-26 14:25:45.125277+00;ab760be2-838a-49a8-a0fd-b2d3f233c536;true;"[""Nunca/ quase nunca"",""Raramente"",""Às vezes"",""Frequentemente"",""Sempre""]";75;Nos ÚLTIMOS 12 MESES, no seu LOCAL DE TRABALHO tem sido exposto a violência física?;5;multipla_escolha
0008baf1-ddc4-453d-b4ff-d37e1418ffe5;Ritmo de Trabalho;2026-03-01 18:14:51.518913+00;2ad9a902-7072-4424-9092-a21fae6119e6;true;[];4;Precisa trabalhar muito rapidamente?;1;escala
0008baf1-ddc4-453d-b4ff-d37e1418ffe5;Exigências Cognitivas;2026-03-01 18:14:51.518913+00;2cd8c441-e7a7-4127-aac1-6fbe47fbd96f;true;[];5;O seu trabalho exige a sua atenção constante?;1;escala
0008baf1-ddc4-453d-b4ff-d37e1418ffe5;Exigências Cognitivas;2026-03-01 18:14:51.518913+00;a1a801a1-674c-40c6-a241-62dc8eca442c;true;[];6;O seu trabalho requer que seja bom a propor novas ideias?;1;escala
0008baf1-ddc4-453d-b4ff-d37e1418ffe5;Exigências Cognitivas;2026-03-01 18:14:51.518913+00;34c12c5a-6912-49e4-b063-8255a71ad3e3;true;[];7;O seu trabalho exige que tome decisões difíceis?;1;escala
0008baf1-ddc4-453d-b4ff-d37e1418ffe5;Exigências Emocionais;2026-03-01 18:14:51.518913+00;c06f3d42-d028-40b4-b5a0-3a18141414ca;true;[];8;O seu trabalho exige emocionalmente de si?;1;escala
0008baf1-ddc4-453d-b4ff-d37e1418ffe5;Influência no Trabalho;2026-03-01 18:14:51.518913+00;f8c5180c-69e9-49b1-b938-8f8227219bc0;true;[];9;Tem um elevado grau de influência no seu trabalho?;1;escala
0008baf1-ddc4-453d-b4ff-d37e1418ffe5;Influência no Trabalho;2026-03-01 18:14:51.518913+00;08bc629a-2c45-407c-9617-01d403c0995c;true;[];10;Participa na escolha das pessoas com quem trabalha?;1;escala
0008baf1-ddc4-453d-b4ff-d37e1418ffe5;Influência no Trabalho;2026-03-01 18:14:51.518913+00;d2409b3b-0454-4326-8568-59daf347084e;true;[];11;Pode influenciar a quantidade de trabalho que lhe compete a si?;1;escala
0008baf1-ddc4-453d-b4ff-d37e1418ffe5;Influência no Trabalho;2026-03-01 18:14:51.518913+00;fbeb7697-fa54-4adb-b90b-ce635638d94b;true;[];12;Tem alguma influência sobre o tipo de tarefas que faz?;1;escala
0008baf1-ddc4-453d-b4ff-d37e1418ffe5;Possibilidades de Desenvolvimento;2026-03-01 18:14:51.518913+00;ef7c5977-b783-47f7-bf05-132115502f85;true;[];13;O seu trabalho exige que tenha iniciativa?;1;escala
0008baf1-ddc4-453d-b4ff-d37e1418ffe5;Possibilidades de Desenvolvimento;2026-03-01 18:14:51.518913+00;3cda9750-5c35-4aa2-9dcb-cf880b768fd6;true;[];14;O seu trabalho permite-lhe aprender coisas novas?;1;escala
0008baf1-ddc4-453d-b4ff-d37e1418ffe5;Possibilidades de Desenvolvimento;2026-03-01 18:14:51.518913+00;a8b328ba-f1fb-4128-b843-5e10a2caa048;true;[];15;O seu trabalho permite-lhe usar as suas habilidades ou perícias?;1;escala
0008baf1-ddc4-453d-b4ff-d37e1418ffe5;Previsibilidade;2026-03-01 18:14:51.518913+00;94962c81-b293-4e76-a62e-c4ee23eafcbc;true;[];16;No seu local de trabalho, é informado com antecedência sobre decisões importantes, mudanças ou planos para o futuro?;1;escala
0008baf1-ddc4-453d-b4ff-d37e1418ffe5;Previsibilidade;2026-03-01 18:14:51.518913+00;d7531035-3077-4595-9395-f7d6bc0a6d27;true;[];17;Recebe toda a informação de que necessita para fazer bem o seu trabalho?;1;escala
0008baf1-ddc4-453d-b4ff-d37e1418ffe5;Satisfação Laboral;2026-03-01 18:14:51.518913+00;6c5e5bf1-72e1-4bf3-b4cc-023856c493dc;true;[];57;Em relação ao seu trabalho em geral, quão satisfeito está com as condições físicas do seu local de trabalho?;1;escala
0008baf1-ddc4-453d-b4ff-d37e1418ffe5;Satisfação Laboral;2026-03-01 18:14:51.518913+00;8c0e9c97-0794-44fb-865f-88c5bc68054b;true;[];58;Em relação ao seu trabalho em geral, quão satisfeito está com a forma como as suas capacidades são utilizadas?;1;escala
0008baf1-ddc4-453d-b4ff-d37e1418ffe5;Satisfação Laboral;2026-03-01 18:14:51.518913+00;2f71ecce-e4fc-4d6c-bcb8-24ff15565108;true;[];59;Em relação ao seu trabalho em geral, quão satisfeito está com o seu trabalho de uma forma global?;1;escala
0008baf1-ddc4-453d-b4ff-d37e1418ffe5;Insegurança Laboral;2026-03-01 18:14:51.518913+00;989b8702-a4aa-4617-b959-07c58767f67f;true;[];60;Sente-se preocupado em ficar desempregado?;1;escala
0008baf1-ddc4-453d-b4ff-d37e1418ffe5;Saúde Geral;2026-03-01 18:14:51.518913+00;e7ef1973-cafb-40e7-b964-b75e5970bbc4;true;[];61;Em geral, sente que a sua saúde é:;1;escala
0008baf1-ddc4-453d-b4ff-d37e1418ffe5;Conflito Trabalho–Família;2026-03-01 18:14:51.518913+00;9862e3fa-d275-4e0b-8570-551a301003fe;true;[];62;Sente que o seu trabalho lhe exige muita energia que acaba por afetar a sua vida privada negativamente?;1;escala
0008baf1-ddc4-453d-b4ff-d37e1418ffe5;Conflito Trabalho–Família;2026-03-01 18:14:51.518913+00;731a5067-9511-4027-be1b-02e3dd5db6a0;true;[];63;Sente que o seu trabalho lhe exige muito tempo que acaba por afetar a sua vida privada negativamente?;1;escala
0008baf1-ddc4-453d-b4ff-d37e1418ffe5;Conflito Trabalho–Família;2026-03-01 18:14:51.518913+00;2087a922-4e31-446d-93c3-a5c5967f3dcb;true;[];64;A sua família e os seus amigos dizem-lhe que trabalha demais?;1;escala
0008baf1-ddc4-453d-b4ff-d37e1418ffe5;Problemas em Dormir;2026-03-01 18:14:51.518913+00;7b21a5e0-f4cc-4192-b98b-7b5b03ed1fed;true;[];65;Com que frequência durante as últimas 4 semanas sentiu dificuldade a adormecer?;1;escala
0008baf1-ddc4-453d-b4ff-d37e1418ffe5;Problemas em Dormir;2026-03-01 18:14:51.518913+00;5032b302-7663-4c80-aabf-950858ef7699;true;[];66;Com que frequência durante as últimas 4 semanas acordou várias vezes durante a noite e depois não conseguia adormecer novamente?;1;escala
0008baf1-ddc4-453d-b4ff-d37e1418ffe5;Burnout;2026-03-01 18:14:51.518913+00;b96c5200-2159-4566-9a28-c6d7ac6975be;true;[];67;Com que frequência durante as últimas 4 semanas sentiu-se fisicamente exausto?;1;escala
0008baf1-ddc4-453d-b4ff-d37e1418ffe5;Burnout;2026-03-01 18:14:51.518913+00;079e4f5a-3e45-4f4f-a201-2de248475e5a;true;[];68;Com que frequência durante as últimas 4 semanas sentiu-se emocionalmente exausto?;1;escala
0008baf1-ddc4-453d-b4ff-d37e1418ffe5;Stress;2026-03-01 18:14:51.518913+00;9fe6746b-bd40-419e-85e3-6393bbd42c42;true;[];69;Com que frequência durante as últimas 4 semanas sentiu-se irritado?;1;escala
0008baf1-ddc4-453d-b4ff-d37e1418ffe5;Stress;2026-03-01 18:14:51.518913+00;4373e922-8ca5-4c61-a15a-36c0a3ea43c9;true;[];70;Com que frequência durante as últimas 4 semanas sentiu-se ansioso?;1;escala
0008baf1-ddc4-453d-b4ff-d37e1418ffe5;Sintomas Depressivos;2026-03-01 18:14:51.518913+00;3131ab5d-a03a-43eb-9cac-d0f6418c6f18;true;[];71;Com que frequência durante as últimas 4 semanas sentiu-se triste?;1;escala
0008baf1-ddc4-453d-b4ff-d37e1418ffe5;Sintomas Depressivos;2026-03-01 18:14:51.518913+00;d66800f9-2f1c-4746-8218-85a5a6ee40f0;true;[];72;Com que frequência durante as últimas 4 semanas sentiu falta de interesse por coisas quotidianas?;1;escala
0008baf1-ddc4-453d-b4ff-d37e1418ffe5;Comportamentos Ofensivos;2026-03-01 18:14:51.518913+00;0273595f-c55f-443d-a028-57ebfb54ac83;true;[];73;Nos últimos 12 meses, no seu local de trabalho: Tem sido alvo de insultos ou provocações verbais?;1;escala
0008baf1-ddc4-453d-b4ff-d37e1418ffe5;Comportamentos Ofensivos;2026-03-01 18:14:51.518913+00;8c87d814-0f17-4692-82c4-ccb56d164f39;true;[];74;Nos últimos 12 meses, no seu local de trabalho: Tem sido exposto a assédio sexual indesejado?;1;escala
0008baf1-ddc4-453d-b4ff-d37e1418ffe5;Comportamentos Ofensivos;2026-03-01 18:14:51.518913+00;f6e0b83b-0915-4fdf-b2bb-533faafebd66;true;[];75;Nos últimos 12 meses, no seu local de trabalho: Tem sido exposto a ameaças de violência?;1;escala
0008baf1-ddc4-453d-b4ff-d37e1418ffe5;Comportamentos Ofensivos;2026-03-01 18:14:51.518913+00;43619c33-bd8b-419c-a7b6-6afda9136d04;true;[];76;Nos últimos 12 meses, no seu local de trabalho: Tem sido exposto a violência física?;1;escala
324bc331-470a-4c95-97de-fab68536b2bd;Comportamentos Ofensivos;2026-05-08 19:45:15.50251+00;66d23ada-df85-4a1d-b899-64d9d509d546;true;[];72;Nos últimos 12 meses, no seu local de trabalho: Tem sido alvo de insultos ou provocações verbais?;5;escala
324bc331-470a-4c95-97de-fab68536b2bd;Comportamentos Ofensivos;2026-05-08 19:45:15.50251+00;49ca65eb-fa33-4907-9f1c-08d92d75c8f5;true;[];73;Nos últimos 12 meses, no seu local de trabalho: Tem sido exposto a assédio sexual indesejado?;5;escala
324bc331-470a-4c95-97de-fab68536b2bd;Comportamentos Ofensivos;2026-05-08 19:45:15.50251+00;f75ad6e5-0150-41ca-accb-148d863722f4;true;[];74;Nos últimos 12 meses, no seu local de trabalho: Tem sido exposto a ameaças de violência?;5;escala
324bc331-470a-4c95-97de-fab68536b2bd;Comportamentos Ofensivos;2026-05-08 19:45:15.50251+00;7561783b-4a64-4dc0-a172-91d232e13519;true;[];75;Nos últimos 12 meses, no seu local de trabalho: Tem sido exposto a violência física?;5;escala