avaliacao_id;cargo;created_at;data_convite;data_resposta;email;id;nome;respondido;respostas;setor;token;token_acesso
c423d977-0360-4fda-b44d-ba4d544bbce7;;2025-12-02 12:48:06.247118+00;2025-12-01 18:38:26.416296+00;;mario@gmail.com;4e075dc8-9085-4b4c-b9c9-ad48d6b36adc;Mario da Silva;false;;;47f31221-3a6d-49d7-b541-1ffd5bc11fd3;f84d1514-fd92-4827-b07c-bfc63c65694c
c423d977-0360-4fda-b44d-ba4d544bbce7;;2025-12-02 12:48:06.247118+00;2025-12-01 18:42:06.953179+00;;renanprates@hotmail.com;7f1c0608-4ca2-4cf9-ac98-03bc8eacae19;Renan Beraldi Prates;false;;;73fc19f0-d28f-4372-bf87-a526d3419af0;2b177803-8a07-4650-9792-d480ca393292
c423d977-0360-4fda-b44d-ba4d544bbce7;;2025-12-02 12:48:06.247118+00;2025-12-01 18:44:45.48382+00;;antonioc@hotmail.com;d61c9a3b-90e7-4a7a-879b-712547265617;Antonio carlos xavier;false;;;aef2deca-f8d3-4a0a-ace8-b491bd502581;802b6273-2111-4ed8-88f9-9479877c6623
c423d977-0360-4fda-b44d-ba4d544bbce7;;2025-12-02 12:48:06.247118+00;2025-12-01 18:47:07.211578+00;;joaquim@hotmail.com;50aac6dd-01a6-4846-a30d-e48dff1c5128;Joaquim da silva;false;;;18302c70-59b3-421f-8717-05222e211501;7a339b66-c487-4922-a228-02226495dfe9
324bc331-470a-4c95-97de-fab68536b2bd;;2026-05-06 14:41:53.389396+00;2026-05-06 14:41:53.389396+00;2026-05-06 14:51:13.614+00;victoria.guedes@mv6group.com.br;82b7910a-0064-4db3-85d0-e73a23855e78;Victoria Guedes Leite;true;"[{""questao_id"":""633b8285-b206-463b-bc05-88fc6a674930"",""resposta"":""2""},{""questao_id"":""022809d9-561e-4f33-baa9-18ed21c77c97"",""resposta"":""3""},{""questao_id"":""83949701-b77d-405f-80bf-cbd81f26e892"",""resposta"":""1""},{""questao_id"":""97d31d99-962a-4f4e-b901-c386c132fb29"",""resposta"":""3""},{""questao_id"":""58c88368-4591-4834-a469-b976f40eae74"",""resposta"":""5""},{""questao_id"":""1934d81b-aa04-4d7e-9a85-c9df195a34f0"",""resposta"":""4""},{""questao_id"":""9e214ef1-cfb1-4264-97af-fb1bcdfc5726"",""resposta"":""3""},{""questao_id"":""f0479b6a-b00b-4af4-ae9b-d5830c06df06"",""resposta"":""2""},{""questao_id"":""604d03fb-a08e-4649-8fc1-681203eac858"",""resposta"":""3""},{""questao_id"":""ae7483ea-d60a-4b74-8f32-a68181576525"",""resposta"":""1""},{""questao_id"":""d8577f2b-80f6-47be-9543-297475adcabb"",""resposta"":""1""},{""questao_id"":""f5dd3518-8e32-41d4-a923-18a89e0ddfaa"",""resposta"":""3""},{""questao_id"":""102e38d0-2f78-4665-b12c-335b91436230"",""resposta"":""4""},{""questao_id"":""255dd9b4-73a7-4c7d-991c-299cf5ac470a"",""resposta"":""5""},{""questao_id"":""d969504b-cd19-4477-baf0-04c50660ccc8"",""resposta"":""5""},{""questao_id"":""9bc9f452-48d0-4173-bf60-df75e436a3a2"",""resposta"":""4""},{""questao_id"":""d9c76e9b-36d8-48f6-bfec-3f0aa810752d"",""resposta"":""4""},{""questao_id"":""502d52ff-ac3f-47eb-9fc1-4bdb36636341"",""resposta"":""5""},{""questao_id"":""a961aa1b-1e57-4c6c-8494-1cef2f421e12"",""resposta"":""5""},{""questao_id"":""13dd9feb-7bbb-4844-b1f0-21159ae56d6f"",""resposta"":""5""},{""questao_id"":""d790344e-ead3-4d61-92fa-161daddcfab7"",""resposta"":""4""},{""questao_id"":""6d00e26d-813d-4680-ab90-f1c5a59a1577"",""resposta"":""4""},{""questao_id"":""b1872120-ceff-41c1-8ab2-7f5334f64e2c"",""resposta"":""4""},{""questao_id"":""ac3dd98f-f795-401c-a66d-4b8fdfc6ab96"",""resposta"":""1""},{""questao_id"":""383437ce-f07c-4ea1-8411-203eec2044c3"",""resposta"":""1""},{""questao_id"":""5236f0e5-d449-4eea-8b4d-69e3fdba937d"",""resposta"":""1""},{""questao_id"":""da40bf28-9eec-4554-bb7a-a8e8b91ae2c7"",""resposta"":""5""},{""questao_id"":""e054ab73-46a6-47ee-885d-a03388f17346"",""resposta"":""4""},{""questao_id"":""e5befa03-7ed8-4272-b82c-69b30cacc2b3"",""resposta"":""3""},{""questao_id"":""d2baac66-934b-421e-b5e9-a4eaf3180563"",""resposta"":""4""},{""questao_id"":""e75c278b-1c02-4f9b-93ee-e8063ac82489"",""resposta"":""4""},{""questao_id"":""75dcfa72-71e3-4449-acfd-98bf4fdf1a1b"",""resposta"":""5""},{""questao_id"":""0cda2192-e3fa-4db1-860b-83f203903b4c"",""resposta"":""5""},{""questao_id"":""b984a974-1888-4e65-ac5d-0f8fdcf31415"",""resposta"":""4""},{""questao_id"":""b1b46101-e67f-4774-96ca-b0c5033ec1eb"",""resposta"":""4""},{""questao_id"":""1c4cd45d-f210-4673-9a21-3015c3a19450"",""resposta"":""4""},{""questao_id"":""f862310c-07d3-4725-b837-085d775693a4"",""resposta"":""4""},{""questao_id"":""eeafb9a5-8c20-4289-9755-cd50ffdf14f8"",""resposta"":""4""},{""questao_id"":""ad366eaf-74ec-498d-8915-cca2f956d08b"",""resposta"":""4""},{""questao_id"":""e095644f-4eae-447a-8714-5084e0075d6c"",""resposta"":""1""},{""questao_id"":""c225b2cd-6dc2-40af-94f9-092c1fd2d5cb"",""resposta"":""1""},{""questao_id"":""3f7690e1-b630-4169-be47-d59a428d398f"",""resposta"":""4""},{""questao_id"":""e56199cb-ed22-4bca-b27c-6d06e5d02ea8"",""resposta"":""4""},{""questao_id"":""224fa6b2-ad74-4167-8c3d-c8fe20946242"",""resposta"":""5""},{""questao_id"":""9fd85b38-a04d-44e8-b3c6-502fa724f98d"",""resposta"":""1""},{""questao_id"":""be598279-b63e-4dc7-a8b9-513eb90ededa"",""resposta"":""1""},{""questao_id"":""ede781ad-8bdb-4898-ad3f-24b3e1409695"",""resposta"":""5""},{""questao_id"":""afecc711-d5e8-42c9-a13a-3f4378ecbc53"",""resposta"":""3""},{""questao_id"":""140ab386-7b32-4ef2-b650-e871cc95d632"",""resposta"":""5""},{""questao_id"":""10faefae-f28e-4a1e-901c-29ccfc3da4b1"",""resposta"":""5""},{""questao_id"":""07652a0d-39b8-4268-9875-c48b5b66f0d1"",""resposta"":""4""},{""questao_id"":""280db3c1-6230-4198-902b-8e190afa36af"",""resposta"":""5""},{""questao_id"":""e0647656-d318-46c2-939e-731d98974516"",""resposta"":""5""},{""questao_id"":""41c1b999-10a9-4ef3-aaf9-28a194e2f41c"",""resposta"":""4""},{""questao_id"":""4e254489-288a-4067-a623-a7ab121bc8f5"",""resposta"":""3""},{""questao_id"":""acc2197e-1efe-4232-bd0c-18272005b606"",""resposta"":""4""},{""questao_id"":""fa7318ba-cdef-4719-9c87-6ec1485f9b7b"",""resposta"":""3""},{""questao_id"":""070d1ac9-2369-4066-a2b1-3ca499415707"",""resposta"":""4""},{""questao_id"":""8fd8dfb8-1f8a-47ac-9784-edabe55bf495"",""resposta"":""4""},{""questao_id"":""0b111d69-639e-4111-bb3c-c53b317f0726"",""resposta"":""4""},{""questao_id"":""8bf5d264-9ae7-4c3a-a026-cb9d1d8efdbb"",""resposta"":""1""},{""questao_id"":""5495b0d2-3a4f-408c-94c7-4e45050ed3fe"",""resposta"":""2""},{""questao_id"":""f008d0c5-889b-4c54-ae56-fcb5ec2547e4"",""resposta"":""1""},{""questao_id"":""a363212b-7ac2-4e73-9dd6-3d71f2c052db"",""resposta"":""2""},{""questao_id"":""0a623ddf-d7bd-4a82-9da0-6fd3a1729d7b"",""resposta"":""2""},{""questao_id"":""7f36f700-f6bd-4098-9635-93be4f9667dd"",""resposta"":""2""},{""questao_id"":""a32853af-26ae-47ea-aef7-c530ded2cef8"",""resposta"":""3""},{""questao_id"":""bf8117b5-a3c7-4b82-8b35-5d906e3e10f0"",""resposta"":""2""},{""questao_id"":""ce9c1df4-21e2-480b-8082-2ab7449bcd11"",""resposta"":""2""},{""questao_id"":""95fb9755-88b8-4593-8892-28706187774c"",""resposta"":""2""},{""questao_id"":""b06d9110-fa4c-4250-a671-c970fe4f21da"",""resposta"":""1""},{""questao_id"":""506dd58a-32e5-462b-9702-c4ca985ef34d"",""resposta"":""1""},{""questao_id"":""d6d3f0c2-145b-4fba-93e0-f31343020e5b"",""resposta"":""1""},{""questao_id"":""775bd162-77f4-45a8-84a8-a3808c5d1b5d"",""resposta"":""1""},{""questao_id"":""5bb49208-6f91-4b85-9be7-3740b9e0070d"",""resposta"":""1""},{""questao_id"":""8cde03ab-6746-4dba-9eff-4f09796dac8b"",""resposta"":""1""}]";;e4dd0ddc-7089-4d26-a5c5-64f844fa5617;db9ee28b-e205-42f8-a516-d3b9b05a511f
324bc331-470a-4c95-97de-fab68536b2bd;;2026-05-06 14:39:53.342605+00;2026-05-06 14:39:53.342605+00;2026-05-06 14:55:54.254+00;kaah41839@gmail.com;8acf5087-832c-4af1-babd-70c8cd87fd4a;Kamila Souza Abdallah;true;"[{""questao_id"":""633b8285-b206-463b-bc05-88fc6a674930"",""resposta"":""1""},{""questao_id"":""022809d9-561e-4f33-baa9-18ed21c77c97"",""resposta"":""3""},{""questao_id"":""83949701-b77d-405f-80bf-cbd81f26e892"",""resposta"":""1""},{""questao_id"":""97d31d99-962a-4f4e-b901-c386c132fb29"",""resposta"":""3""},{""questao_id"":""58c88368-4591-4834-a469-b976f40eae74"",""resposta"":""5""},{""questao_id"":""1934d81b-aa04-4d7e-9a85-c9df195a34f0"",""resposta"":""5""},{""questao_id"":""9e214ef1-cfb1-4264-97af-fb1bcdfc5726"",""resposta"":""2""},{""questao_id"":""f0479b6a-b00b-4af4-ae9b-d5830c06df06"",""resposta"":""3""},{""questao_id"":""604d03fb-a08e-4649-8fc1-681203eac858"",""resposta"":""4""},{""questao_id"":""ae7483ea-d60a-4b74-8f32-a68181576525"",""resposta"":""4""},{""questao_id"":""d8577f2b-80f6-47be-9543-297475adcabb"",""resposta"":""4""},{""questao_id"":""f5dd3518-8e32-41d4-a923-18a89e0ddfaa"",""resposta"":""4""},{""questao_id"":""102e38d0-2f78-4665-b12c-335b91436230"",""resposta"":""5""},{""questao_id"":""255dd9b4-73a7-4c7d-991c-299cf5ac470a"",""resposta"":""4""},{""questao_id"":""d969504b-cd19-4477-baf0-04c50660ccc8"",""resposta"":""4""},{""questao_id"":""9bc9f452-48d0-4173-bf60-df75e436a3a2"",""resposta"":""4""},{""questao_id"":""d9c76e9b-36d8-48f6-bfec-3f0aa810752d"",""resposta"":""4""},{""questao_id"":""502d52ff-ac3f-47eb-9fc1-4bdb36636341"",""resposta"":""5""},{""questao_id"":""a961aa1b-1e57-4c6c-8494-1cef2f421e12"",""resposta"":""5""},{""questao_id"":""13dd9feb-7bbb-4844-b1f0-21159ae56d6f"",""resposta"":""5""},{""questao_id"":""d790344e-ead3-4d61-92fa-161daddcfab7"",""resposta"":""5""},{""questao_id"":""6d00e26d-813d-4680-ab90-f1c5a59a1577"",""resposta"":""5""},{""questao_id"":""b1872120-ceff-41c1-8ab2-7f5334f64e2c"",""resposta"":""5""},{""questao_id"":""ac3dd98f-f795-401c-a66d-4b8fdfc6ab96"",""resposta"":""2""},{""questao_id"":""383437ce-f07c-4ea1-8411-203eec2044c3"",""resposta"":""2""},{""questao_id"":""5236f0e5-d449-4eea-8b4d-69e3fdba937d"",""resposta"":""1""},{""questao_id"":""da40bf28-9eec-4554-bb7a-a8e8b91ae2c7"",""resposta"":""4""},{""questao_id"":""e054ab73-46a6-47ee-885d-a03388f17346"",""resposta"":""1""},{""questao_id"":""e5befa03-7ed8-4272-b82c-69b30cacc2b3"",""resposta"":""4""},{""questao_id"":""d2baac66-934b-421e-b5e9-a4eaf3180563"",""resposta"":""5""},{""questao_id"":""e75c278b-1c02-4f9b-93ee-e8063ac82489"",""resposta"":""5""},{""questao_id"":""75dcfa72-71e3-4449-acfd-98bf4fdf1a1b"",""resposta"":""5""},{""questao_id"":""0cda2192-e3fa-4db1-860b-83f203903b4c"",""resposta"":""4""},{""questao_id"":""b984a974-1888-4e65-ac5d-0f8fdcf31415"",""resposta"":""4""},{""questao_id"":""b1b46101-e67f-4774-96ca-b0c5033ec1eb"",""resposta"":""4""},{""questao_id"":""1c4cd45d-f210-4673-9a21-3015c3a19450"",""resposta"":""5""},{""questao_id"":""f862310c-07d3-4725-b837-085d775693a4"",""resposta"":""4""},{""questao_id"":""eeafb9a5-8c20-4289-9755-cd50ffdf14f8"",""resposta"":""4""},{""questao_id"":""ad366eaf-74ec-498d-8915-cca2f956d08b"",""resposta"":""5""},{""questao_id"":""e095644f-4eae-447a-8714-5084e0075d6c"",""resposta"":""1""},{""questao_id"":""c225b2cd-6dc2-40af-94f9-092c1fd2d5cb"",""resposta"":""1""},{""questao_id"":""3f7690e1-b630-4169-be47-d59a428d398f"",""resposta"":""2""},{""questao_id"":""e56199cb-ed22-4bca-b27c-6d06e5d02ea8"",""resposta"":""4""},{""questao_id"":""224fa6b2-ad74-4167-8c3d-c8fe20946242"",""resposta"":""4""},{""questao_id"":""9fd85b38-a04d-44e8-b3c6-502fa724f98d"",""resposta"":""2""},{""questao_id"":""be598279-b63e-4dc7-a8b9-513eb90ededa"",""resposta"":""4""},{""questao_id"":""ede781ad-8bdb-4898-ad3f-24b3e1409695"",""resposta"":""4""},{""questao_id"":""afecc711-d5e8-42c9-a13a-3f4378ecbc53"",""resposta"":""4""},{""questao_id"":""140ab386-7b32-4ef2-b650-e871cc95d632"",""resposta"":""4""},{""questao_id"":""10faefae-f28e-4a1e-901c-29ccfc3da4b1"",""resposta"":""4""},{""questao_id"":""07652a0d-39b8-4268-9875-c48b5b66f0d1"",""resposta"":""4""},{""questao_id"":""280db3c1-6230-4198-902b-8e190afa36af"",""resposta"":""4""},{""questao_id"":""e0647656-d318-46c2-939e-731d98974516"",""resposta"":""4""},{""questao_id"":""41c1b999-10a9-4ef3-aaf9-28a194e2f41c"",""resposta"":""4""},{""questao_id"":""4e254489-288a-4067-a623-a7ab121bc8f5"",""resposta"":""1""},{""questao_id"":""acc2197e-1efe-4232-bd0c-18272005b606"",""resposta"":""4""},{""questao_id"":""fa7318ba-cdef-4719-9c87-6ec1485f9b7b"",""resposta"":""5""},{""questao_id"":""070d1ac9-2369-4066-a2b1-3ca499415707"",""resposta"":""4""},{""questao_id"":""8fd8dfb8-1f8a-47ac-9784-edabe55bf495"",""resposta"":""4""},{""questao_id"":""0b111d69-639e-4111-bb3c-c53b317f0726"",""resposta"":""3""},{""questao_id"":""8bf5d264-9ae7-4c3a-a026-cb9d1d8efdbb"",""resposta"":""1""},{""questao_id"":""5495b0d2-3a4f-408c-94c7-4e45050ed3fe"",""resposta"":""1""},{""questao_id"":""f008d0c5-889b-4c54-ae56-fcb5ec2547e4"",""resposta"":""1""},{""questao_id"":""a363212b-7ac2-4e73-9dd6-3d71f2c052db"",""resposta"":""3""},{""questao_id"":""0a623ddf-d7bd-4a82-9da0-6fd3a1729d7b"",""resposta"":""2""},{""questao_id"":""7f36f700-f6bd-4098-9635-93be4f9667dd"",""resposta"":""1""},{""questao_id"":""a32853af-26ae-47ea-aef7-c530ded2cef8"",""resposta"":""3""},{""questao_id"":""bf8117b5-a3c7-4b82-8b35-5d906e3e10f0"",""resposta"":""2""},{""questao_id"":""ce9c1df4-21e2-480b-8082-2ab7449bcd11"",""resposta"":""2""},{""questao_id"":""95fb9755-88b8-4593-8892-28706187774c"",""resposta"":""2""},{""questao_id"":""b06d9110-fa4c-4250-a671-c970fe4f21da"",""resposta"":""2""},{""questao_id"":""506dd58a-32e5-462b-9702-c4ca985ef34d"",""resposta"":""2""},{""questao_id"":""d6d3f0c2-145b-4fba-93e0-f31343020e5b"",""resposta"":""1""},{""questao_id"":""775bd162-77f4-45a8-84a8-a3808c5d1b5d"",""resposta"":""1""},{""questao_id"":""5bb49208-6f91-4b85-9be7-3740b9e0070d"",""resposta"":""1""},{""questao_id"":""8cde03ab-6746-4dba-9eff-4f09796dac8b"",""resposta"":""1""}]";;2dcd332e-8287-4086-b390-39cb4afaf720;b6c8aadd-32a5-41cb-b02d-b3fdc3892844
324bc331-470a-4c95-97de-fab68536b2bd;;2026-05-06 14:59:17.731038+00;2026-05-06 14:59:17.731038+00;2026-05-06 15:13:26.549+00;dantesantos060207@gmail.com;f453285b-f785-4b86-9edd-3f3c9d66849a;Dante Santos;true;"[{""questao_id"":""633b8285-b206-463b-bc05-88fc6a674930"",""resposta"":""1""},{""questao_id"":""022809d9-561e-4f33-baa9-18ed21c77c97"",""resposta"":""2""},{""questao_id"":""83949701-b77d-405f-80bf-cbd81f26e892"",""resposta"":""1""},{""questao_id"":""97d31d99-962a-4f4e-b901-c386c132fb29"",""resposta"":""2""},{""questao_id"":""58c88368-4591-4834-a469-b976f40eae74"",""resposta"":""5""},{""questao_id"":""1934d81b-aa04-4d7e-9a85-c9df195a34f0"",""resposta"":""4""},{""questao_id"":""9e214ef1-cfb1-4264-97af-fb1bcdfc5726"",""resposta"":""3""},{""questao_id"":""f0479b6a-b00b-4af4-ae9b-d5830c06df06"",""resposta"":""4""},{""questao_id"":""604d03fb-a08e-4649-8fc1-681203eac858"",""resposta"":""4""},{""questao_id"":""ae7483ea-d60a-4b74-8f32-a68181576525"",""resposta"":""3""},{""questao_id"":""d8577f2b-80f6-47be-9543-297475adcabb"",""resposta"":""5""},{""questao_id"":""f5dd3518-8e32-41d4-a923-18a89e0ddfaa"",""resposta"":""5""},{""questao_id"":""102e38d0-2f78-4665-b12c-335b91436230"",""resposta"":""5""},{""questao_id"":""255dd9b4-73a7-4c7d-991c-299cf5ac470a"",""resposta"":""5""},{""questao_id"":""d969504b-cd19-4477-baf0-04c50660ccc8"",""resposta"":""5""},{""questao_id"":""9bc9f452-48d0-4173-bf60-df75e436a3a2"",""resposta"":""4""},{""questao_id"":""d9c76e9b-36d8-48f6-bfec-3f0aa810752d"",""resposta"":""5""},{""questao_id"":""502d52ff-ac3f-47eb-9fc1-4bdb36636341"",""resposta"":""5""},{""questao_id"":""a961aa1b-1e57-4c6c-8494-1cef2f421e12"",""resposta"":""5""},{""questao_id"":""13dd9feb-7bbb-4844-b1f0-21159ae56d6f"",""resposta"":""5""},{""questao_id"":""d790344e-ead3-4d61-92fa-161daddcfab7"",""resposta"":""4""},{""questao_id"":""6d00e26d-813d-4680-ab90-f1c5a59a1577"",""resposta"":""5""},{""questao_id"":""b1872120-ceff-41c1-8ab2-7f5334f64e2c"",""resposta"":""5""},{""questao_id"":""ac3dd98f-f795-401c-a66d-4b8fdfc6ab96"",""resposta"":""2""},{""questao_id"":""383437ce-f07c-4ea1-8411-203eec2044c3"",""resposta"":""1""},{""questao_id"":""5236f0e5-d449-4eea-8b4d-69e3fdba937d"",""resposta"":""1""},{""questao_id"":""da40bf28-9eec-4554-bb7a-a8e8b91ae2c7"",""resposta"":""5""},{""questao_id"":""e054ab73-46a6-47ee-885d-a03388f17346"",""resposta"":""4""},{""questao_id"":""e5befa03-7ed8-4272-b82c-69b30cacc2b3"",""resposta"":""4""},{""questao_id"":""d2baac66-934b-421e-b5e9-a4eaf3180563"",""resposta"":""3""},{""questao_id"":""e75c278b-1c02-4f9b-93ee-e8063ac82489"",""resposta"":""4""},{""questao_id"":""75dcfa72-71e3-4449-acfd-98bf4fdf1a1b"",""resposta"":""4""},{""questao_id"":""0cda2192-e3fa-4db1-860b-83f203903b4c"",""resposta"":""5""},{""questao_id"":""b984a974-1888-4e65-ac5d-0f8fdcf31415"",""resposta"":""5""},{""questao_id"":""b1b46101-e67f-4774-96ca-b0c5033ec1eb"",""resposta"":""5""},{""questao_id"":""1c4cd45d-f210-4673-9a21-3015c3a19450"",""resposta"":""5""},{""questao_id"":""f862310c-07d3-4725-b837-085d775693a4"",""resposta"":""4""},{""questao_id"":""eeafb9a5-8c20-4289-9755-cd50ffdf14f8"",""resposta"":""5""},{""questao_id"":""ad366eaf-74ec-498d-8915-cca2f956d08b"",""resposta"":""5""},{""questao_id"":""e095644f-4eae-447a-8714-5084e0075d6c"",""resposta"":""3""},{""questao_id"":""c225b2cd-6dc2-40af-94f9-092c1fd2d5cb"",""resposta"":""2""},{""questao_id"":""3f7690e1-b630-4169-be47-d59a428d398f"",""resposta"":""4""},{""questao_id"":""e56199cb-ed22-4bca-b27c-6d06e5d02ea8"",""resposta"":""4""},{""questao_id"":""224fa6b2-ad74-4167-8c3d-c8fe20946242"",""resposta"":""5""},{""questao_id"":""9fd85b38-a04d-44e8-b3c6-502fa724f98d"",""resposta"":""2""},{""questao_id"":""be598279-b63e-4dc7-a8b9-513eb90ededa"",""resposta"":""5""},{""questao_id"":""ede781ad-8bdb-4898-ad3f-24b3e1409695"",""resposta"":""5""},{""questao_id"":""afecc711-d5e8-42c9-a13a-3f4378ecbc53"",""resposta"":""5""},{""questao_id"":""140ab386-7b32-4ef2-b650-e871cc95d632"",""resposta"":""5""},{""questao_id"":""10faefae-f28e-4a1e-901c-29ccfc3da4b1"",""resposta"":""3""},{""questao_id"":""07652a0d-39b8-4268-9875-c48b5b66f0d1"",""resposta"":""5""},{""questao_id"":""280db3c1-6230-4198-902b-8e190afa36af"",""resposta"":""5""},{""questao_id"":""e0647656-d318-46c2-939e-731d98974516"",""resposta"":""5""},{""questao_id"":""41c1b999-10a9-4ef3-aaf9-28a194e2f41c"",""resposta"":""5""},{""questao_id"":""4e254489-288a-4067-a623-a7ab121bc8f5"",""resposta"":""3""},{""questao_id"":""acc2197e-1efe-4232-bd0c-18272005b606"",""resposta"":""5""},{""questao_id"":""fa7318ba-cdef-4719-9c87-6ec1485f9b7b"",""resposta"":""5""},{""questao_id"":""070d1ac9-2369-4066-a2b1-3ca499415707"",""resposta"":""5""},{""questao_id"":""8fd8dfb8-1f8a-47ac-9784-edabe55bf495"",""resposta"":""5""},{""questao_id"":""0b111d69-639e-4111-bb3c-c53b317f0726"",""resposta"":""1""},{""questao_id"":""8bf5d264-9ae7-4c3a-a026-cb9d1d8efdbb"",""resposta"":""3""},{""questao_id"":""5495b0d2-3a4f-408c-94c7-4e45050ed3fe"",""resposta"":""1""},{""questao_id"":""f008d0c5-889b-4c54-ae56-fcb5ec2547e4"",""resposta"":""1""},{""questao_id"":""a363212b-7ac2-4e73-9dd6-3d71f2c052db"",""resposta"":""1""},{""questao_id"":""0a623ddf-d7bd-4a82-9da0-6fd3a1729d7b"",""resposta"":""3""},{""questao_id"":""7f36f700-f6bd-4098-9635-93be4f9667dd"",""resposta"":""3""},{""questao_id"":""a32853af-26ae-47ea-aef7-c530ded2cef8"",""resposta"":""3""},{""questao_id"":""bf8117b5-a3c7-4b82-8b35-5d906e3e10f0"",""resposta"":""3""},{""questao_id"":""ce9c1df4-21e2-480b-8082-2ab7449bcd11"",""resposta"":""2""},{""questao_id"":""95fb9755-88b8-4593-8892-28706187774c"",""resposta"":""3""},{""questao_id"":""b06d9110-fa4c-4250-a671-c970fe4f21da"",""resposta"":""3""},{""questao_id"":""506dd58a-32e5-462b-9702-c4ca985ef34d"",""resposta"":""1""},{""questao_id"":""d6d3f0c2-145b-4fba-93e0-f31343020e5b"",""resposta"":""1""},{""questao_id"":""775bd162-77f4-45a8-84a8-a3808c5d1b5d"",""resposta"":""1""},{""questao_id"":""5bb49208-6f91-4b85-9be7-3740b9e0070d"",""resposta"":""1""},{""questao_id"":""8cde03ab-6746-4dba-9eff-4f09796dac8b"",""resposta"":""1""}]";;cbc61a99-5c3f-4292-b90d-568efbb0b9f1;49772c68-c1f1-4d9c-8cd8-2fd984f45cef
324bc331-470a-4c95-97de-fab68536b2bd;;2026-05-06 15:09:59.077401+00;2026-05-06 15:09:59.077401+00;2026-05-06 15:23:37.605+00;rhyancesar33@gmail.com;9bbaa0c4-424c-4013-b7cd-b06d07f480aa;Rhyan Cesar Padovani;true;"[{""questao_id"":""633b8285-b206-463b-bc05-88fc6a674930"",""resposta"":""2""},{""questao_id"":""022809d9-561e-4f33-baa9-18ed21c77c97"",""resposta"":""1""},{""questao_id"":""83949701-b77d-405f-80bf-cbd81f26e892"",""resposta"":""3""},{""questao_id"":""97d31d99-962a-4f4e-b901-c386c132fb29"",""resposta"":""3""},{""questao_id"":""58c88368-4591-4834-a469-b976f40eae74"",""resposta"":""4""},{""questao_id"":""1934d81b-aa04-4d7e-9a85-c9df195a34f0"",""resposta"":""3""},{""questao_id"":""9e214ef1-cfb1-4264-97af-fb1bcdfc5726"",""resposta"":""2""},{""questao_id"":""f0479b6a-b00b-4af4-ae9b-d5830c06df06"",""resposta"":""4""},{""questao_id"":""604d03fb-a08e-4649-8fc1-681203eac858"",""resposta"":""5""},{""questao_id"":""ae7483ea-d60a-4b74-8f32-a68181576525"",""resposta"":""4""},{""questao_id"":""d8577f2b-80f6-47be-9543-297475adcabb"",""resposta"":""3""},{""questao_id"":""f5dd3518-8e32-41d4-a923-18a89e0ddfaa"",""resposta"":""4""},{""questao_id"":""102e38d0-2f78-4665-b12c-335b91436230"",""resposta"":""5""},{""questao_id"":""255dd9b4-73a7-4c7d-991c-299cf5ac470a"",""resposta"":""5""},{""questao_id"":""d969504b-cd19-4477-baf0-04c50660ccc8"",""resposta"":""5""},{""questao_id"":""9bc9f452-48d0-4173-bf60-df75e436a3a2"",""resposta"":""2""},{""questao_id"":""d9c76e9b-36d8-48f6-bfec-3f0aa810752d"",""resposta"":""3""},{""questao_id"":""502d52ff-ac3f-47eb-9fc1-4bdb36636341"",""resposta"":""4""},{""questao_id"":""a961aa1b-1e57-4c6c-8494-1cef2f421e12"",""resposta"":""5""},{""questao_id"":""13dd9feb-7bbb-4844-b1f0-21159ae56d6f"",""resposta"":""4""},{""questao_id"":""d790344e-ead3-4d61-92fa-161daddcfab7"",""resposta"":""4""},{""questao_id"":""6d00e26d-813d-4680-ab90-f1c5a59a1577"",""resposta"":""5""},{""questao_id"":""b1872120-ceff-41c1-8ab2-7f5334f64e2c"",""resposta"":""4""},{""questao_id"":""ac3dd98f-f795-401c-a66d-4b8fdfc6ab96"",""resposta"":""4""},{""questao_id"":""383437ce-f07c-4ea1-8411-203eec2044c3"",""resposta"":""3""},{""questao_id"":""5236f0e5-d449-4eea-8b4d-69e3fdba937d"",""resposta"":""3""},{""questao_id"":""da40bf28-9eec-4554-bb7a-a8e8b91ae2c7"",""resposta"":""4""},{""questao_id"":""e054ab73-46a6-47ee-885d-a03388f17346"",""resposta"":""2""},{""questao_id"":""e5befa03-7ed8-4272-b82c-69b30cacc2b3"",""resposta"":""2""},{""questao_id"":""d2baac66-934b-421e-b5e9-a4eaf3180563"",""resposta"":""3""},{""questao_id"":""e75c278b-1c02-4f9b-93ee-e8063ac82489"",""resposta"":""4""},{""questao_id"":""75dcfa72-71e3-4449-acfd-98bf4fdf1a1b"",""resposta"":""3""},{""questao_id"":""0cda2192-e3fa-4db1-860b-83f203903b4c"",""resposta"":""3""},{""questao_id"":""b984a974-1888-4e65-ac5d-0f8fdcf31415"",""resposta"":""2""},{""questao_id"":""b1b46101-e67f-4774-96ca-b0c5033ec1eb"",""resposta"":""3""},{""questao_id"":""1c4cd45d-f210-4673-9a21-3015c3a19450"",""resposta"":""5""},{""questao_id"":""f862310c-07d3-4725-b837-085d775693a4"",""resposta"":""4""},{""questao_id"":""eeafb9a5-8c20-4289-9755-cd50ffdf14f8"",""resposta"":""4""},{""questao_id"":""ad366eaf-74ec-498d-8915-cca2f956d08b"",""resposta"":""5""},{""questao_id"":""e095644f-4eae-447a-8714-5084e0075d6c"",""resposta"":""3""},{""questao_id"":""c225b2cd-6dc2-40af-94f9-092c1fd2d5cb"",""resposta"":""3""},{""questao_id"":""3f7690e1-b630-4169-be47-d59a428d398f"",""resposta"":""2""},{""questao_id"":""e56199cb-ed22-4bca-b27c-6d06e5d02ea8"",""resposta"":""3""},{""questao_id"":""224fa6b2-ad74-4167-8c3d-c8fe20946242"",""resposta"":""4""},{""questao_id"":""9fd85b38-a04d-44e8-b3c6-502fa724f98d"",""resposta"":""3""},{""questao_id"":""be598279-b63e-4dc7-a8b9-513eb90ededa"",""resposta"":""3""},{""questao_id"":""ede781ad-8bdb-4898-ad3f-24b3e1409695"",""resposta"":""3""},{""questao_id"":""afecc711-d5e8-42c9-a13a-3f4378ecbc53"",""resposta"":""3""},{""questao_id"":""140ab386-7b32-4ef2-b650-e871cc95d632"",""resposta"":""4""},{""questao_id"":""10faefae-f28e-4a1e-901c-29ccfc3da4b1"",""resposta"":""4""},{""questao_id"":""07652a0d-39b8-4268-9875-c48b5b66f0d1"",""resposta"":""5""},{""questao_id"":""280db3c1-6230-4198-902b-8e190afa36af"",""resposta"":""5""},{""questao_id"":""e0647656-d318-46c2-939e-731d98974516"",""resposta"":""4""},{""questao_id"":""41c1b999-10a9-4ef3-aaf9-28a194e2f41c"",""resposta"":""4""},{""questao_id"":""4e254489-288a-4067-a623-a7ab121bc8f5"",""resposta"":""3""},{""questao_id"":""acc2197e-1efe-4232-bd0c-18272005b606"",""resposta"":""4""},{""questao_id"":""fa7318ba-cdef-4719-9c87-6ec1485f9b7b"",""resposta"":""2""},{""questao_id"":""070d1ac9-2369-4066-a2b1-3ca499415707"",""resposta"":""4""},{""questao_id"":""8fd8dfb8-1f8a-47ac-9784-edabe55bf495"",""resposta"":""4""},{""questao_id"":""0b111d69-639e-4111-bb3c-c53b317f0726"",""resposta"":""2""},{""questao_id"":""8bf5d264-9ae7-4c3a-a026-cb9d1d8efdbb"",""resposta"":""2""},{""questao_id"":""5495b0d2-3a4f-408c-94c7-4e45050ed3fe"",""resposta"":""3""},{""questao_id"":""f008d0c5-889b-4c54-ae56-fcb5ec2547e4"",""resposta"":""3""},{""questao_id"":""a363212b-7ac2-4e73-9dd6-3d71f2c052db"",""resposta"":""2""},{""questao_id"":""0a623ddf-d7bd-4a82-9da0-6fd3a1729d7b"",""resposta"":""1""},{""questao_id"":""7f36f700-f6bd-4098-9635-93be4f9667dd"",""resposta"":""1""},{""questao_id"":""a32853af-26ae-47ea-aef7-c530ded2cef8"",""resposta"":""2""},{""questao_id"":""bf8117b5-a3c7-4b82-8b35-5d906e3e10f0"",""resposta"":""2""},{""questao_id"":""ce9c1df4-21e2-480b-8082-2ab7449bcd11"",""resposta"":""2""},{""questao_id"":""95fb9755-88b8-4593-8892-28706187774c"",""resposta"":""3""},{""questao_id"":""b06d9110-fa4c-4250-a671-c970fe4f21da"",""resposta"":""1""},{""questao_id"":""506dd58a-32e5-462b-9702-c4ca985ef34d"",""resposta"":""2""},{""questao_id"":""d6d3f0c2-145b-4fba-93e0-f31343020e5b"",""resposta"":""1""},{""questao_id"":""775bd162-77f4-45a8-84a8-a3808c5d1b5d"",""resposta"":""1""},{""questao_id"":""5bb49208-6f91-4b85-9be7-3740b9e0070d"",""resposta"":""1""},{""questao_id"":""8cde03ab-6746-4dba-9eff-4f09796dac8b"",""resposta"":""1""}]";;86b83cff-2506-4c61-a1b9-d7f199c787a6;e4cf1073-886b-4fb7-9a83-f6605725fda4
0008baf1-ddc4-453d-b4ff-d37e1418ffe5;;2026-02-23 15:55:57.144137+00;2026-03-06 13:16:41.438+00;2026-02-23 15:57:19.065+00;gustavo.macedo@edu.famerp.br;ac4ecbdf-a720-4282-bc5f-0237c057662e;Gustavo;true;"[{""questao_id"":""99f4220d-9eec-4a35-8877-4d34ee09b2c0"",""resposta"":""5""},{""questao_id"":""09e60971-414e-4f16-90d6-0262537689b6"",""resposta"":""5""},{""questao_id"":""88bbc8bd-c8be-4685-9f14-90e1107130f1"",""resposta"":""5""},{""questao_id"":""97048ce8-1f65-46fb-81c7-6c01e6407c3d"",""resposta"":""5""},{""questao_id"":""64150270-8717-4b40-abba-0688398fd5f9"",""resposta"":""5""},{""questao_id"":""a26afd47-80da-4fda-ac65-158c94db712a"",""resposta"":""5""},{""questao_id"":""58de0fd2-cb93-4c34-aaf0-b2ded7bfbe27"",""resposta"":""5""},{""questao_id"":""c1fb4f99-a11e-4f50-b04f-0fa0673f4a83"",""resposta"":""5""},{""questao_id"":""758908bc-7bcf-4382-8ee9-04ddfba44dcd"",""resposta"":""5""},{""questao_id"":""faa79ca0-e102-44ea-98a7-cf7d00986683"",""resposta"":""5""},{""questao_id"":""ab9319e0-7681-4f77-b530-5cf479226836"",""resposta"":""5""},{""questao_id"":""7d92f8b3-d9ab-4b96-8258-9255937d1c12"",""resposta"":""5""},{""questao_id"":""e2bf2121-d59c-4343-be33-86453950652c"",""resposta"":""5""},{""questao_id"":""56835c92-5ff0-4b38-bc3f-2afb4584d379"",""resposta"":""5""},{""questao_id"":""76a3e621-dd47-4eae-9fdb-d63a4390c25d"",""resposta"":""5""},{""questao_id"":""86f4baed-a89c-4a82-a89c-51b12d1bffcc"",""resposta"":""5""},{""questao_id"":""ae95708a-bafb-4789-974e-5f6641494461"",""resposta"":""5""},{""questao_id"":""6d9b6812-e1f9-4f6a-ae7f-ce2d9b7abe07"",""resposta"":""5""},{""questao_id"":""3e7fba61-b206-4585-9fb8-752650577f2b"",""resposta"":""5""},{""questao_id"":""2541ebf5-28e6-42c0-8cb5-37a7bc8d20df"",""resposta"":""5""},{""questao_id"":""9ed97613-c204-43a5-9f61-ae02c05d6676"",""resposta"":""5""},{""questao_id"":""2c924fc9-1c1d-40f2-a2ce-c13960f4b665"",""resposta"":""5""},{""questao_id"":""19f8cac7-db94-4023-bb09-d66adb8361a5"",""resposta"":""5""},{""questao_id"":""1479f18d-428c-4b3f-be2e-ca91a197455d"",""resposta"":""5""},{""questao_id"":""2786bee7-6ec1-4771-bc18-bfb7f652dda6"",""resposta"":""5""},{""questao_id"":""2bf48fed-b57a-498c-a619-e53636713f52"",""resposta"":""5""},{""questao_id"":""ff852a6d-e1ad-4643-a779-57ad8e16eb0a"",""resposta"":""5""},{""questao_id"":""f9d86572-4d64-433e-a981-e9875d93c33b"",""resposta"":""5""},{""questao_id"":""1b97828b-7d5a-4b69-9691-b921e85cab94"",""resposta"":""5""},{""questao_id"":""1b366211-f768-4c6c-916f-4dd633d32d27"",""resposta"":""5""},{""questao_id"":""616056ca-6ca9-4fe9-8dad-a6f5dd95b503"",""resposta"":""5""},{""questao_id"":""bc291d7a-ba14-4294-8323-b7021b86fc48"",""resposta"":""5""},{""questao_id"":""05112089-30a0-455c-bb1e-37c25664ab44"",""resposta"":""5""},{""questao_id"":""ed8417ef-e9c0-4ae4-aac9-92256e693434"",""resposta"":""5""},{""questao_id"":""5eca0ec6-e7f0-4d2d-a42f-d727fc1a0298"",""resposta"":""5""},{""questao_id"":""e9f61fbf-0749-418b-8a25-a3a06a3b77b0"",""resposta"":""5""},{""questao_id"":""26ae2fcd-1e18-473b-be1f-65393699c565"",""resposta"":""5""},{""questao_id"":""b93be957-6779-4e95-9b53-d43629376c56"",""resposta"":""5""},{""questao_id"":""429d1519-4002-4056-8d02-e3369f66c927"",""resposta"":""5""},{""questao_id"":""c63d7d49-d8c2-44b6-8ade-c8843d6e8523"",""resposta"":""5""},{""questao_id"":""4ea1b9eb-98ee-4ebf-ba83-98005b4cd167"",""resposta"":""5""},{""questao_id"":""33fc985f-a845-4684-b376-a6d7aea0cdbb"",""resposta"":""5""},{""questao_id"":""9a1dc3e7-7416-4921-93f5-ffdb81b9d8cb"",""resposta"":""5""},{""questao_id"":""6ce6ae2e-beb1-4518-b091-31fa7a961df9"",""resposta"":""5""},{""questao_id"":""c114ea74-3694-40da-aea1-22cc5f847f91"",""resposta"":""5""},{""questao_id"":""8b546d2e-aee7-4fde-b175-390df91648e0"",""resposta"":""5""},{""questao_id"":""ce47de3a-018f-4ce7-8990-bd7eefd018be"",""resposta"":""5""},{""questao_id"":""0579390a-95eb-43dd-bf5c-0172051aa0ce"",""resposta"":""5""},{""questao_id"":""8042dd66-2118-46db-8e78-612fe2eb8c45"",""resposta"":""5""},{""questao_id"":""1377ec8d-280d-46fe-9edc-70ab82126f82"",""resposta"":""5""},{""questao_id"":""66ee27c6-f0f3-4025-b299-1b6273355c76"",""resposta"":""5""},{""questao_id"":""a3f80097-9953-40fd-a0a6-54c8e4d0abf8"",""resposta"":""5""},{""questao_id"":""0f731352-7ab4-421f-be91-937612ca5168"",""resposta"":""5""},{""questao_id"":""ad29adc7-b614-4056-b1d8-00c2455f2861"",""resposta"":""5""},{""questao_id"":""40cf491d-75ea-4eb4-85b1-8956c3dedf86"",""resposta"":""5""},{""questao_id"":""26f00f9b-33c4-496d-a13b-cbe863cd7dc9"",""resposta"":""5""},{""questao_id"":""613e41ce-ea23-4c12-859f-9d5c5d7992cd"",""resposta"":""5""},{""questao_id"":""db7ae4d8-81c5-4206-86b8-3902a41ffec4"",""resposta"":""5""},{""questao_id"":""1bc48ce7-e5e9-472b-9452-bec5760a20b4"",""resposta"":""5""},{""questao_id"":""73151422-cf7c-4799-8253-dc00e64c4b71"",""resposta"":""5""},{""questao_id"":""65df7cc7-a3bf-41e7-8440-e69804bfc512"",""resposta"":""5""},{""questao_id"":""403560dd-11e5-475f-b0c7-6250418057e9"",""resposta"":""5""},{""questao_id"":""624be942-474f-43ed-b9e5-089f691e302b"",""resposta"":""5""},{""questao_id"":""d9684d88-dd1c-44bb-bd85-685fdd0e61e4"",""resposta"":""5""},{""questao_id"":""c0c80407-a909-49ff-bc80-b4f932532f12"",""resposta"":""5""},{""questao_id"":""0f7f9481-2b89-4d92-9c11-bc99734690b2"",""resposta"":""5""},{""questao_id"":""2a87e506-c07b-4f5c-9c35-b3dcb32f40b9"",""resposta"":""5""},{""questao_id"":""847c0f47-ed7f-4184-8e94-45a6a4238db9"",""resposta"":""5""},{""questao_id"":""b1211caa-9cf9-4ac6-8923-db66edca8477"",""resposta"":""5""},{""questao_id"":""1f2e24b0-3f94-4a05-ae36-2e179813fee1"",""resposta"":""5""},{""questao_id"":""e7f45952-2733-47fa-b1da-13eca0098acb"",""resposta"":""5""},{""questao_id"":""b045e133-332b-4f3b-9678-c2132ec230ff"",""resposta"":""5""},{""questao_id"":""e0210626-4421-4b79-9aa0-ebc0a6dd5000"",""resposta"":""5""},{""questao_id"":""15c03e61-1110-4c09-b428-467c84f9ed87"",""resposta"":""5""},{""questao_id"":""db89704d-7a9a-4362-8714-9981bb6cc43e"",""resposta"":""5""},{""questao_id"":""2a56afed-550f-4f1d-8787-bc47b6c7f347"",""resposta"":""5""}]";;744a6239-52bc-4925-b7ce-c1b14f4e8543;db395743-275c-4ea3-93c1-c8e9f0209980
0008baf1-ddc4-453d-b4ff-d37e1418ffe5;;2026-02-24 19:38:16.909088+00;2026-03-06 13:16:52.136+00;;gustavo8gouveia@hotmail.com;96b8a13c-e185-4001-aac4-ffcb505c605c;Teste;false;;;04d287b1-5e67-40a3-95aa-306546c05eff;93b3b3cf-23a7-42a7-adea-0be94e70256f
0008baf1-ddc4-453d-b4ff-d37e1418ffe5;;2026-02-24 19:43:43.680685+00;2026-03-06 13:16:54.979+00;;gustavo.macedo@edu.famerp;f99113bf-32f4-40d2-84a9-130cf10699ce;Teste;false;;;f4acc799-b79a-4c24-adc1-da11cd25000b;fa20ae9a-3241-4398-9225-453f98ae48f3
324bc331-470a-4c95-97de-fab68536b2bd;;2026-05-06 15:39:32.729608+00;2026-05-06 15:39:32.729608+00;2026-05-06 16:09:17.752+00;david.medeiros@mv6group.com.br;7c9a3680-b779-4362-b9b8-053e71d3f67a;David de Andrade Medeiros ;true;"[{""questao_id"":""633b8285-b206-463b-bc05-88fc6a674930"",""resposta"":""1""},{""questao_id"":""022809d9-561e-4f33-baa9-18ed21c77c97"",""resposta"":""1""},{""questao_id"":""83949701-b77d-405f-80bf-cbd81f26e892"",""resposta"":""1""},{""questao_id"":""97d31d99-962a-4f4e-b901-c386c132fb29"",""resposta"":""1""},{""questao_id"":""58c88368-4591-4834-a469-b976f40eae74"",""resposta"":""2""},{""questao_id"":""1934d81b-aa04-4d7e-9a85-c9df195a34f0"",""resposta"":""1""},{""questao_id"":""9e214ef1-cfb1-4264-97af-fb1bcdfc5726"",""resposta"":""1""},{""questao_id"":""f0479b6a-b00b-4af4-ae9b-d5830c06df06"",""resposta"":""1""},{""questao_id"":""604d03fb-a08e-4649-8fc1-681203eac858"",""resposta"":""1""},{""questao_id"":""ae7483ea-d60a-4b74-8f32-a68181576525"",""resposta"":""2""},{""questao_id"":""d8577f2b-80f6-47be-9543-297475adcabb"",""resposta"":""1""},{""questao_id"":""f5dd3518-8e32-41d4-a923-18a89e0ddfaa"",""resposta"":""3""},{""questao_id"":""102e38d0-2f78-4665-b12c-335b91436230"",""resposta"":""1""},{""questao_id"":""255dd9b4-73a7-4c7d-991c-299cf5ac470a"",""resposta"":""4""},{""questao_id"":""d969504b-cd19-4477-baf0-04c50660ccc8"",""resposta"":""5""},{""questao_id"":""9bc9f452-48d0-4173-bf60-df75e436a3a2"",""resposta"":""4""},{""questao_id"":""d9c76e9b-36d8-48f6-bfec-3f0aa810752d"",""resposta"":""5""},{""questao_id"":""502d52ff-ac3f-47eb-9fc1-4bdb36636341"",""resposta"":""4""},{""questao_id"":""a961aa1b-1e57-4c6c-8494-1cef2f421e12"",""resposta"":""5""},{""questao_id"":""13dd9feb-7bbb-4844-b1f0-21159ae56d6f"",""resposta"":""4""},{""questao_id"":""d790344e-ead3-4d61-92fa-161daddcfab7"",""resposta"":""3""},{""questao_id"":""6d00e26d-813d-4680-ab90-f1c5a59a1577"",""resposta"":""5""},{""questao_id"":""b1872120-ceff-41c1-8ab2-7f5334f64e2c"",""resposta"":""5""},{""questao_id"":""ac3dd98f-f795-401c-a66d-4b8fdfc6ab96"",""resposta"":""1""},{""questao_id"":""383437ce-f07c-4ea1-8411-203eec2044c3"",""resposta"":""1""},{""questao_id"":""5236f0e5-d449-4eea-8b4d-69e3fdba937d"",""resposta"":""3""},{""questao_id"":""da40bf28-9eec-4554-bb7a-a8e8b91ae2c7"",""resposta"":""5""},{""questao_id"":""e054ab73-46a6-47ee-885d-a03388f17346"",""resposta"":""3""},{""questao_id"":""e5befa03-7ed8-4272-b82c-69b30cacc2b3"",""resposta"":""5""},{""questao_id"":""d2baac66-934b-421e-b5e9-a4eaf3180563"",""resposta"":""4""},{""questao_id"":""e75c278b-1c02-4f9b-93ee-e8063ac82489"",""resposta"":""5""},{""questao_id"":""75dcfa72-71e3-4449-acfd-98bf4fdf1a1b"",""resposta"":""4""},{""questao_id"":""0cda2192-e3fa-4db1-860b-83f203903b4c"",""resposta"":""5""},{""questao_id"":""b984a974-1888-4e65-ac5d-0f8fdcf31415"",""resposta"":""5""},{""questao_id"":""b1b46101-e67f-4774-96ca-b0c5033ec1eb"",""resposta"":""5""},{""questao_id"":""1c4cd45d-f210-4673-9a21-3015c3a19450"",""resposta"":""4""},{""questao_id"":""f862310c-07d3-4725-b837-085d775693a4"",""resposta"":""5""},{""questao_id"":""eeafb9a5-8c20-4289-9755-cd50ffdf14f8"",""resposta"":""5""},{""questao_id"":""ad366eaf-74ec-498d-8915-cca2f956d08b"",""resposta"":""5""},{""questao_id"":""e095644f-4eae-447a-8714-5084e0075d6c"",""resposta"":""2""},{""questao_id"":""c225b2cd-6dc2-40af-94f9-092c1fd2d5cb"",""resposta"":""1""},{""questao_id"":""3f7690e1-b630-4169-be47-d59a428d398f"",""resposta"":""3""},{""questao_id"":""e56199cb-ed22-4bca-b27c-6d06e5d02ea8"",""resposta"":""5""},{""questao_id"":""224fa6b2-ad74-4167-8c3d-c8fe20946242"",""resposta"":""5""},{""questao_id"":""9fd85b38-a04d-44e8-b3c6-502fa724f98d"",""resposta"":""3""},{""questao_id"":""be598279-b63e-4dc7-a8b9-513eb90ededa"",""resposta"":""5""},{""questao_id"":""ede781ad-8bdb-4898-ad3f-24b3e1409695"",""resposta"":""5""},{""questao_id"":""afecc711-d5e8-42c9-a13a-3f4378ecbc53"",""resposta"":""4""},{""questao_id"":""140ab386-7b32-4ef2-b650-e871cc95d632"",""resposta"":""5""},{""questao_id"":""10faefae-f28e-4a1e-901c-29ccfc3da4b1"",""resposta"":""5""},{""questao_id"":""07652a0d-39b8-4268-9875-c48b5b66f0d1"",""resposta"":""5""},{""questao_id"":""280db3c1-6230-4198-902b-8e190afa36af"",""resposta"":""5""},{""questao_id"":""e0647656-d318-46c2-939e-731d98974516"",""resposta"":""5""},{""questao_id"":""41c1b999-10a9-4ef3-aaf9-28a194e2f41c"",""resposta"":""5""},{""questao_id"":""4e254489-288a-4067-a623-a7ab121bc8f5"",""resposta"":""3""},{""questao_id"":""acc2197e-1efe-4232-bd0c-18272005b606"",""resposta"":""5""},{""questao_id"":""fa7318ba-cdef-4719-9c87-6ec1485f9b7b"",""resposta"":""4""},{""questao_id"":""070d1ac9-2369-4066-a2b1-3ca499415707"",""resposta"":""5""},{""questao_id"":""8fd8dfb8-1f8a-47ac-9784-edabe55bf495"",""resposta"":""5""},{""questao_id"":""0b111d69-639e-4111-bb3c-c53b317f0726"",""resposta"":""2""},{""questao_id"":""8bf5d264-9ae7-4c3a-a026-cb9d1d8efdbb"",""resposta"":""1""},{""questao_id"":""5495b0d2-3a4f-408c-94c7-4e45050ed3fe"",""resposta"":""1""},{""questao_id"":""f008d0c5-889b-4c54-ae56-fcb5ec2547e4"",""resposta"":""1""},{""questao_id"":""a363212b-7ac2-4e73-9dd6-3d71f2c052db"",""resposta"":""1""},{""questao_id"":""0a623ddf-d7bd-4a82-9da0-6fd3a1729d7b"",""resposta"":""1""},{""questao_id"":""7f36f700-f6bd-4098-9635-93be4f9667dd"",""resposta"":""1""},{""questao_id"":""a32853af-26ae-47ea-aef7-c530ded2cef8"",""resposta"":""1""},{""questao_id"":""bf8117b5-a3c7-4b82-8b35-5d906e3e10f0"",""resposta"":""1""},{""questao_id"":""ce9c1df4-21e2-480b-8082-2ab7449bcd11"",""resposta"":""2""},{""questao_id"":""95fb9755-88b8-4593-8892-28706187774c"",""resposta"":""3""},{""questao_id"":""b06d9110-fa4c-4250-a671-c970fe4f21da"",""resposta"":""1""},{""questao_id"":""506dd58a-32e5-462b-9702-c4ca985ef34d"",""resposta"":""1""},{""questao_id"":""d6d3f0c2-145b-4fba-93e0-f31343020e5b"",""resposta"":""1""},{""questao_id"":""775bd162-77f4-45a8-84a8-a3808c5d1b5d"",""resposta"":""1""},{""questao_id"":""5bb49208-6f91-4b85-9be7-3740b9e0070d"",""resposta"":""1""},{""questao_id"":""8cde03ab-6746-4dba-9eff-4f09796dac8b"",""resposta"":""1""}]";;cacf1cf5-b3be-4dcc-a57a-2a5319253b76;9e32d6e6-0616-4c9d-b855-8fb08e20f051
0008baf1-ddc4-453d-b4ff-d37e1418ffe5;;2026-02-27 13:23:53.603865+00;2026-03-06 13:17:00.912+00;2026-02-27 15:25:55.688+00;siqueira.psico@gmail.com;e0906e7c-434f-4d3a-a471-e42ed6a31e75;Marcela;true;"[{""questao_id"":""99f4220d-9eec-4a35-8877-4d34ee09b2c0"",""resposta"":""5""},{""questao_id"":""09e60971-414e-4f16-90d6-0262537689b6"",""resposta"":""5""},{""questao_id"":""88bbc8bd-c8be-4685-9f14-90e1107130f1"",""resposta"":""5""},{""questao_id"":""97048ce8-1f65-46fb-81c7-6c01e6407c3d"",""resposta"":""5""},{""questao_id"":""64150270-8717-4b40-abba-0688398fd5f9"",""resposta"":""5""},{""questao_id"":""a26afd47-80da-4fda-ac65-158c94db712a"",""resposta"":""5""},{""questao_id"":""58de0fd2-cb93-4c34-aaf0-b2ded7bfbe27"",""resposta"":""5""},{""questao_id"":""c1fb4f99-a11e-4f50-b04f-0fa0673f4a83"",""resposta"":""5""},{""questao_id"":""758908bc-7bcf-4382-8ee9-04ddfba44dcd"",""resposta"":""1""},{""questao_id"":""faa79ca0-e102-44ea-98a7-cf7d00986683"",""resposta"":""1""},{""questao_id"":""ab9319e0-7681-4f77-b530-5cf479226836"",""resposta"":""1""},{""questao_id"":""7d92f8b3-d9ab-4b96-8258-9255937d1c12"",""resposta"":""1""},{""questao_id"":""e2bf2121-d59c-4343-be33-86453950652c"",""resposta"":""3""},{""questao_id"":""56835c92-5ff0-4b38-bc3f-2afb4584d379"",""resposta"":""3""},{""questao_id"":""76a3e621-dd47-4eae-9fdb-d63a4390c25d"",""resposta"":""2""},{""questao_id"":""86f4baed-a89c-4a82-a89c-51b12d1bffcc"",""resposta"":""1""},{""questao_id"":""ae95708a-bafb-4789-974e-5f6641494461"",""resposta"":""3""},{""questao_id"":""6d9b6812-e1f9-4f6a-ae7f-ce2d9b7abe07"",""resposta"":""3""},{""questao_id"":""3e7fba61-b206-4585-9fb8-752650577f2b"",""resposta"":""2""},{""questao_id"":""2541ebf5-28e6-42c0-8cb5-37a7bc8d20df"",""resposta"":""2""},{""questao_id"":""9ed97613-c204-43a5-9f61-ae02c05d6676"",""resposta"":""2""},{""questao_id"":""2c924fc9-1c1d-40f2-a2ce-c13960f4b665"",""resposta"":""3""},{""questao_id"":""19f8cac7-db94-4023-bb09-d66adb8361a5"",""resposta"":""2""},{""questao_id"":""1479f18d-428c-4b3f-be2e-ca91a197455d"",""resposta"":""4""},{""questao_id"":""2786bee7-6ec1-4771-bc18-bfb7f652dda6"",""resposta"":""4""},{""questao_id"":""2bf48fed-b57a-498c-a619-e53636713f52"",""resposta"":""4""},{""questao_id"":""ff852a6d-e1ad-4643-a779-57ad8e16eb0a"",""resposta"":""2""},{""questao_id"":""f9d86572-4d64-433e-a981-e9875d93c33b"",""resposta"":""3""},{""questao_id"":""1b97828b-7d5a-4b69-9691-b921e85cab94"",""resposta"":""4""},{""questao_id"":""1b366211-f768-4c6c-916f-4dd633d32d27"",""resposta"":""2""},{""questao_id"":""616056ca-6ca9-4fe9-8dad-a6f5dd95b503"",""resposta"":""2""},{""questao_id"":""bc291d7a-ba14-4294-8323-b7021b86fc48"",""resposta"":""2""},{""questao_id"":""05112089-30a0-455c-bb1e-37c25664ab44"",""resposta"":""4""},{""questao_id"":""ed8417ef-e9c0-4ae4-aac9-92256e693434"",""resposta"":""2""},{""questao_id"":""5eca0ec6-e7f0-4d2d-a42f-d727fc1a0298"",""resposta"":""3""},{""questao_id"":""e9f61fbf-0749-418b-8a25-a3a06a3b77b0"",""resposta"":""2""},{""questao_id"":""26ae2fcd-1e18-473b-be1f-65393699c565"",""resposta"":""2""},{""questao_id"":""b93be957-6779-4e95-9b53-d43629376c56"",""resposta"":""2""},{""questao_id"":""429d1519-4002-4056-8d02-e3369f66c927"",""resposta"":""2""},{""questao_id"":""c63d7d49-d8c2-44b6-8ade-c8843d6e8523"",""resposta"":""4""},{""questao_id"":""4ea1b9eb-98ee-4ebf-ba83-98005b4cd167"",""resposta"":""4""},{""questao_id"":""33fc985f-a845-4684-b376-a6d7aea0cdbb"",""resposta"":""3""},{""questao_id"":""9a1dc3e7-7416-4921-93f5-ffdb81b9d8cb"",""resposta"":""2""},{""questao_id"":""6ce6ae2e-beb1-4518-b091-31fa7a961df9"",""resposta"":""3""},{""questao_id"":""c114ea74-3694-40da-aea1-22cc5f847f91"",""resposta"":""4""},{""questao_id"":""8b546d2e-aee7-4fde-b175-390df91648e0"",""resposta"":""2""},{""questao_id"":""ce47de3a-018f-4ce7-8990-bd7eefd018be"",""resposta"":""1""},{""questao_id"":""0579390a-95eb-43dd-bf5c-0172051aa0ce"",""resposta"":""2""},{""questao_id"":""8042dd66-2118-46db-8e78-612fe2eb8c45"",""resposta"":""2""},{""questao_id"":""1377ec8d-280d-46fe-9edc-70ab82126f82"",""resposta"":""2""},{""questao_id"":""66ee27c6-f0f3-4025-b299-1b6273355c76"",""resposta"":""2""},{""questao_id"":""a3f80097-9953-40fd-a0a6-54c8e4d0abf8"",""resposta"":""3""},{""questao_id"":""0f731352-7ab4-421f-be91-937612ca5168"",""resposta"":""3""},{""questao_id"":""ad29adc7-b614-4056-b1d8-00c2455f2861"",""resposta"":""3""},{""questao_id"":""40cf491d-75ea-4eb4-85b1-8956c3dedf86"",""resposta"":""3""},{""questao_id"":""26f00f9b-33c4-496d-a13b-cbe863cd7dc9"",""resposta"":""3""},{""questao_id"":""613e41ce-ea23-4c12-859f-9d5c5d7992cd"",""resposta"":""3""},{""questao_id"":""db7ae4d8-81c5-4206-86b8-3902a41ffec4"",""resposta"":""3""},{""questao_id"":""1bc48ce7-e5e9-472b-9452-bec5760a20b4"",""resposta"":""3""},{""questao_id"":""73151422-cf7c-4799-8253-dc00e64c4b71"",""resposta"":""4""},{""questao_id"":""65df7cc7-a3bf-41e7-8440-e69804bfc512"",""resposta"":""3""},{""questao_id"":""403560dd-11e5-475f-b0c7-6250418057e9"",""resposta"":""3""},{""questao_id"":""624be942-474f-43ed-b9e5-089f691e302b"",""resposta"":""3""},{""questao_id"":""d9684d88-dd1c-44bb-bd85-685fdd0e61e4"",""resposta"":""3""},{""questao_id"":""c0c80407-a909-49ff-bc80-b4f932532f12"",""resposta"":""4""},{""questao_id"":""0f7f9481-2b89-4d92-9c11-bc99734690b2"",""resposta"":""4""},{""questao_id"":""2a87e506-c07b-4f5c-9c35-b3dcb32f40b9"",""resposta"":""4""},{""questao_id"":""847c0f47-ed7f-4184-8e94-45a6a4238db9"",""resposta"":""4""},{""questao_id"":""b1211caa-9cf9-4ac6-8923-db66edca8477"",""resposta"":""4""},{""questao_id"":""1f2e24b0-3f94-4a05-ae36-2e179813fee1"",""resposta"":""4""},{""questao_id"":""e7f45952-2733-47fa-b1da-13eca0098acb"",""resposta"":""3""},{""questao_id"":""b045e133-332b-4f3b-9678-c2132ec230ff"",""resposta"":""3""},{""questao_id"":""e0210626-4421-4b79-9aa0-ebc0a6dd5000"",""resposta"":""2""},{""questao_id"":""15c03e61-1110-4c09-b428-467c84f9ed87"",""resposta"":""2""},{""questao_id"":""db89704d-7a9a-4362-8714-9981bb6cc43e"",""resposta"":""2""},{""questao_id"":""2a56afed-550f-4f1d-8787-bc47b6c7f347"",""resposta"":""2""}]";;04e0f563-8e90-4c2b-91e6-63fd4c2e576f;f5842adf-89cf-44eb-b090-fc5278fe9161
0008baf1-ddc4-453d-b4ff-d37e1418ffe5;;2026-02-27 15:03:07.936772+00;2026-03-06 13:17:03.624+00;;michellicristinagoncalves@gmail.com;d0f38eee-6da8-4dbc-a7ac-6abdae8a7fee;Michelli;false;;;e72fb6dc-9f9c-40e4-beaf-fa8e280ece2b;7fa4c53e-4ce1-42e3-8bf1-1d28ea7ccc2a
0008baf1-ddc4-453d-b4ff-d37e1418ffe5;;2026-02-24 21:53:58.844997+00;2026-03-06 21:55:41.448+00;2026-02-24 22:03:31.016+00;mariangelasiqueira@outlook.com;782c5fae-1f0f-40cb-80dd-f9a3bfab1f53;MARIANGELA SIQUEIRA;true;"[{""questao_id"":""99f4220d-9eec-4a35-8877-4d34ee09b2c0"",""resposta"":""4""},{""questao_id"":""09e60971-414e-4f16-90d6-0262537689b6"",""resposta"":""4""},{""questao_id"":""88bbc8bd-c8be-4685-9f14-90e1107130f1"",""resposta"":""4""},{""questao_id"":""97048ce8-1f65-46fb-81c7-6c01e6407c3d"",""resposta"":""4""},{""questao_id"":""64150270-8717-4b40-abba-0688398fd5f9"",""resposta"":""4""},{""questao_id"":""a26afd47-80da-4fda-ac65-158c94db712a"",""resposta"":""4""},{""questao_id"":""58de0fd2-cb93-4c34-aaf0-b2ded7bfbe27"",""resposta"":""4""},{""questao_id"":""c1fb4f99-a11e-4f50-b04f-0fa0673f4a83"",""resposta"":""4""},{""questao_id"":""758908bc-7bcf-4382-8ee9-04ddfba44dcd"",""resposta"":""1""},{""questao_id"":""faa79ca0-e102-44ea-98a7-cf7d00986683"",""resposta"":""1""},{""questao_id"":""ab9319e0-7681-4f77-b530-5cf479226836"",""resposta"":""1""},{""questao_id"":""7d92f8b3-d9ab-4b96-8258-9255937d1c12"",""resposta"":""1""},{""questao_id"":""e2bf2121-d59c-4343-be33-86453950652c"",""resposta"":""2""},{""questao_id"":""56835c92-5ff0-4b38-bc3f-2afb4584d379"",""resposta"":""3""},{""questao_id"":""76a3e621-dd47-4eae-9fdb-d63a4390c25d"",""resposta"":""3""},{""questao_id"":""86f4baed-a89c-4a82-a89c-51b12d1bffcc"",""resposta"":""2""},{""questao_id"":""ae95708a-bafb-4789-974e-5f6641494461"",""resposta"":""3""},{""questao_id"":""6d9b6812-e1f9-4f6a-ae7f-ce2d9b7abe07"",""resposta"":""3""},{""questao_id"":""3e7fba61-b206-4585-9fb8-752650577f2b"",""resposta"":""3""},{""questao_id"":""2541ebf5-28e6-42c0-8cb5-37a7bc8d20df"",""resposta"":""3""},{""questao_id"":""9ed97613-c204-43a5-9f61-ae02c05d6676"",""resposta"":""2""},{""questao_id"":""2c924fc9-1c1d-40f2-a2ce-c13960f4b665"",""resposta"":""3""},{""questao_id"":""19f8cac7-db94-4023-bb09-d66adb8361a5"",""resposta"":""3""},{""questao_id"":""1479f18d-428c-4b3f-be2e-ca91a197455d"",""resposta"":""4""},{""questao_id"":""2786bee7-6ec1-4771-bc18-bfb7f652dda6"",""resposta"":""3""},{""questao_id"":""2bf48fed-b57a-498c-a619-e53636713f52"",""resposta"":""4""},{""questao_id"":""ff852a6d-e1ad-4643-a779-57ad8e16eb0a"",""resposta"":""2""},{""questao_id"":""f9d86572-4d64-433e-a981-e9875d93c33b"",""resposta"":""3""},{""questao_id"":""1b97828b-7d5a-4b69-9691-b921e85cab94"",""resposta"":""4""},{""questao_id"":""1b366211-f768-4c6c-916f-4dd633d32d27"",""resposta"":""2""},{""questao_id"":""616056ca-6ca9-4fe9-8dad-a6f5dd95b503"",""resposta"":""2""},{""questao_id"":""bc291d7a-ba14-4294-8323-b7021b86fc48"",""resposta"":""3""},{""questao_id"":""05112089-30a0-455c-bb1e-37c25664ab44"",""resposta"":""3""},{""questao_id"":""ed8417ef-e9c0-4ae4-aac9-92256e693434"",""resposta"":""3""},{""questao_id"":""5eca0ec6-e7f0-4d2d-a42f-d727fc1a0298"",""resposta"":""3""},{""questao_id"":""e9f61fbf-0749-418b-8a25-a3a06a3b77b0"",""resposta"":""2""},{""questao_id"":""26ae2fcd-1e18-473b-be1f-65393699c565"",""resposta"":""2""},{""questao_id"":""b93be957-6779-4e95-9b53-d43629376c56"",""resposta"":""2""},{""questao_id"":""429d1519-4002-4056-8d02-e3369f66c927"",""resposta"":""2""},{""questao_id"":""c63d7d49-d8c2-44b6-8ade-c8843d6e8523"",""resposta"":""3""},{""questao_id"":""4ea1b9eb-98ee-4ebf-ba83-98005b4cd167"",""resposta"":""4""},{""questao_id"":""33fc985f-a845-4684-b376-a6d7aea0cdbb"",""resposta"":""3""},{""questao_id"":""9a1dc3e7-7416-4921-93f5-ffdb81b9d8cb"",""resposta"":""1""},{""questao_id"":""6ce6ae2e-beb1-4518-b091-31fa7a961df9"",""resposta"":""2""},{""questao_id"":""c114ea74-3694-40da-aea1-22cc5f847f91"",""resposta"":""5""},{""questao_id"":""8b546d2e-aee7-4fde-b175-390df91648e0"",""resposta"":""1""},{""questao_id"":""ce47de3a-018f-4ce7-8990-bd7eefd018be"",""resposta"":""2""},{""questao_id"":""0579390a-95eb-43dd-bf5c-0172051aa0ce"",""resposta"":""2""},{""questao_id"":""8042dd66-2118-46db-8e78-612fe2eb8c45"",""resposta"":""2""},{""questao_id"":""1377ec8d-280d-46fe-9edc-70ab82126f82"",""resposta"":""2""},{""questao_id"":""66ee27c6-f0f3-4025-b299-1b6273355c76"",""resposta"":""3""},{""questao_id"":""a3f80097-9953-40fd-a0a6-54c8e4d0abf8"",""resposta"":""2""},{""questao_id"":""0f731352-7ab4-421f-be91-937612ca5168"",""resposta"":""2""},{""questao_id"":""ad29adc7-b614-4056-b1d8-00c2455f2861"",""resposta"":""3""},{""questao_id"":""40cf491d-75ea-4eb4-85b1-8956c3dedf86"",""resposta"":""2""},{""questao_id"":""26f00f9b-33c4-496d-a13b-cbe863cd7dc9"",""resposta"":""3""},{""questao_id"":""613e41ce-ea23-4c12-859f-9d5c5d7992cd"",""resposta"":""3""},{""questao_id"":""db7ae4d8-81c5-4206-86b8-3902a41ffec4"",""resposta"":""3""},{""questao_id"":""1bc48ce7-e5e9-472b-9452-bec5760a20b4"",""resposta"":""3""},{""questao_id"":""73151422-cf7c-4799-8253-dc00e64c4b71"",""resposta"":""5""},{""questao_id"":""65df7cc7-a3bf-41e7-8440-e69804bfc512"",""resposta"":""3""},{""questao_id"":""403560dd-11e5-475f-b0c7-6250418057e9"",""resposta"":""3""},{""questao_id"":""624be942-474f-43ed-b9e5-089f691e302b"",""resposta"":""3""},{""questao_id"":""d9684d88-dd1c-44bb-bd85-685fdd0e61e4"",""resposta"":""3""},{""questao_id"":""c0c80407-a909-49ff-bc80-b4f932532f12"",""resposta"":""2""},{""questao_id"":""0f7f9481-2b89-4d92-9c11-bc99734690b2"",""resposta"":""3""},{""questao_id"":""2a87e506-c07b-4f5c-9c35-b3dcb32f40b9"",""resposta"":""4""},{""questao_id"":""847c0f47-ed7f-4184-8e94-45a6a4238db9"",""resposta"":""4""},{""questao_id"":""b1211caa-9cf9-4ac6-8923-db66edca8477"",""resposta"":""4""},{""questao_id"":""1f2e24b0-3f94-4a05-ae36-2e179813fee1"",""resposta"":""4""},{""questao_id"":""e7f45952-2733-47fa-b1da-13eca0098acb"",""resposta"":""4""},{""questao_id"":""b045e133-332b-4f3b-9678-c2132ec230ff"",""resposta"":""4""},{""questao_id"":""e0210626-4421-4b79-9aa0-ebc0a6dd5000"",""resposta"":""3""},{""questao_id"":""15c03e61-1110-4c09-b428-467c84f9ed87"",""resposta"":""1""},{""questao_id"":""db89704d-7a9a-4362-8714-9981bb6cc43e"",""resposta"":""1""},{""questao_id"":""2a56afed-550f-4f1d-8787-bc47b6c7f347"",""resposta"":""1""}]";;0a1db73a-4b6d-43f3-b237-d1618bb05280;38cb1769-b5bd-43f9-b0cd-d7bd57063bfb
29e94771-de91-49eb-bcd2-150bf9ea3d71;;2026-04-27 12:37:54.255579+00;2026-04-27 12:39:00.582+00;;mariangelasiqueira@outlook.com;c31f2a4b-d7e8-407d-bb10-d17d62aade7b;mariangela;false;;;24539302-b318-40f7-a230-7c571188543d;6f107273-e99f-40e0-b57b-67e6dabc2d0a
6a590716-ba2e-4e86-b4a0-198e4ff6def1;;2026-04-27 14:55:11.140433+00;2026-04-27 14:55:11.140433+00;;teste@antigravity.comteste@antigravity.com;a39e6fdc-f1e0-48e6-99fc-d00e42d75cc5;Teste Antigravity;false;;;a824181f-cc53-4339-90dc-819e20f40497;e7b18428-7c0f-4333-b603-cbd287c2a100
324bc331-470a-4c95-97de-fab68536b2bd;;2026-04-29 16:47:36.353583+00;2026-04-29 16:47:36.353583+00;2026-04-29 17:01:57.481+00;financeiro.luizcarlos@mv6group.com.br;d17feeac-9a3c-442c-800d-3cc5ce9c9480;LUIZ CARLOS ATTISANO MACHADO;true;"[{""questao_id"":""541f1972-7d10-43a0-b84e-3451cd64cebb"",""resposta"":""1""},{""questao_id"":""c8490997-4d25-436f-b37e-bf32eb32066a"",""resposta"":""1""},{""questao_id"":""c17e2d4a-43c3-4f94-b735-52e3a2756308"",""resposta"":""1""},{""questao_id"":""1930b190-0fcd-4c5a-990c-134dd473430b"",""resposta"":""1""},{""questao_id"":""3820fb05-8905-431a-a0cb-9f739ddec8cb"",""resposta"":""4""},{""questao_id"":""e715bf3a-4471-4e79-b359-d0884a477e11"",""resposta"":""3""},{""questao_id"":""29875e31-f32a-4cab-8a7c-c40555262678"",""resposta"":""3""},{""questao_id"":""fb074090-02d4-4792-abe5-46766000c2fe"",""resposta"":""1""},{""questao_id"":""98d0fafe-da63-4208-b506-cd4c7fcf61d2"",""resposta"":""1""},{""questao_id"":""417c1f3a-bd2c-4cf2-9ba7-d34cd260c4bb"",""resposta"":""3""},{""questao_id"":""7cd83686-3c76-48a3-90f9-d786f11450bf"",""resposta"":""2""},{""questao_id"":""e72dd457-fc02-4215-96cc-4fedeb0f5a21"",""resposta"":""3""},{""questao_id"":""b7277b5a-c44a-4745-bf3a-c351987fb797"",""resposta"":""3""},{""questao_id"":""db4aa63f-efa8-418e-8b25-19caeebb479a"",""resposta"":""3""},{""questao_id"":""4d0f5cb9-c4fa-4813-9767-40ea6a8bb593"",""resposta"":""3""},{""questao_id"":""bbd63330-ae36-495a-9012-b485f371be12"",""resposta"":""3""},{""questao_id"":""5edb2438-7f62-4b6b-93cd-0f04da1f3ada"",""resposta"":""4""},{""questao_id"":""0bbf1e97-7b05-499e-b623-e0c923a6aab7"",""resposta"":""4""},{""questao_id"":""200e9813-d008-46e9-ac55-d5ac67bfb4ed"",""resposta"":""4""},{""questao_id"":""1c08d260-d61e-4bbe-bd70-416c1853c5f2"",""resposta"":""4""},{""questao_id"":""24d5b317-e684-4eaf-ae5e-6c24941a4555"",""resposta"":""4""},{""questao_id"":""2e5c231b-85fb-4cff-bfcf-73be02c95259"",""resposta"":""5""},{""questao_id"":""1117eb33-2d38-4647-be6a-0f81bd6524ea"",""resposta"":""5""},{""questao_id"":""c039cbaf-7a74-484c-b942-07f569ec46ec"",""resposta"":""1""},{""questao_id"":""aed170e6-a1b2-4635-bb32-851b0c4dbf46"",""resposta"":""1""},{""questao_id"":""45eb312b-bfba-4022-b0d6-140febebd431"",""resposta"":""1""},{""questao_id"":""b4279e0e-346e-4013-8154-5044723c0d3a"",""resposta"":""1""},{""questao_id"":""25c20e7c-43bc-4ee0-866d-2673da73477b"",""resposta"":""3""},{""questao_id"":""5becc54b-3206-45aa-b4d4-217179e296bb"",""resposta"":""2""},{""questao_id"":""508f3229-c870-4d96-855f-205620bf1457"",""resposta"":""4""},{""questao_id"":""977655f5-0fd2-452b-8476-4d8d05512e85"",""resposta"":""4""},{""questao_id"":""747472b7-1599-4cca-848a-6b059fc4c7a7"",""resposta"":""4""},{""questao_id"":""32ce17a9-ae0d-453e-a310-803638ad018d"",""resposta"":""5""},{""questao_id"":""698739e2-c138-4376-a2b9-fc148a237c26"",""resposta"":""5""},{""questao_id"":""74f62ed8-bc7c-4f11-a6d4-4660736cfe9c"",""resposta"":""5""},{""questao_id"":""9c4f1d38-3b95-4e7a-a6af-1ad28792a092"",""resposta"":""5""},{""questao_id"":""d0501cb0-6abc-47dd-a392-dbdbc39bcb85"",""resposta"":""5""},{""questao_id"":""a814b99a-4b88-46f2-bc64-c7996bff264f"",""resposta"":""5""},{""questao_id"":""18648d5a-e60b-4371-9295-904b0dbc1655"",""resposta"":""5""},{""questao_id"":""8db14096-a7f2-40e8-b7c3-fece4e1dde1f"",""resposta"":""1""},{""questao_id"":""da3133c4-23af-43e2-bd1c-04d314af77df"",""resposta"":""1""},{""questao_id"":""35205b18-6238-4a0b-8cc4-7122cfde8538"",""resposta"":""3""},{""questao_id"":""e0d9b07f-e06c-4ad4-b521-7d29823c1722"",""resposta"":""4""},{""questao_id"":""eaaadb26-2eff-4c5b-9c8f-ab0d77bb7ca1"",""resposta"":""5""},{""questao_id"":""c31bc244-b61a-44c6-a84f-da70aca784f6"",""resposta"":""3""},{""questao_id"":""61686b82-4b59-434a-8b4d-87e6fa10fe63"",""resposta"":""5""},{""questao_id"":""adffe6b5-265b-47e1-ac12-2007357b6edb"",""resposta"":""4""},{""questao_id"":""9f9c1abb-0aaa-4ebe-bfda-9fb55926255c"",""resposta"":""4""},{""questao_id"":""7654f165-070d-4670-9787-83ea6c1b14e0"",""resposta"":""4""},{""questao_id"":""377a243a-43e6-477f-991c-384390a24485"",""resposta"":""4""},{""questao_id"":""16d75a90-f596-489a-b555-9e598ed7020c"",""resposta"":""5""},{""questao_id"":""465f1893-33da-4cad-a98f-b14ffabfcaad"",""resposta"":""5""},{""questao_id"":""62d74df2-cf41-4e1d-b4b6-3291047449a1"",""resposta"":""5""},{""questao_id"":""e6ab4bd8-aef5-4231-a861-b497bbb67e0e"",""resposta"":""5""},{""questao_id"":""d3e7555a-4b40-40ce-ba77-24f856cc863a"",""resposta"":""5""},{""questao_id"":""cd50b2df-331b-4478-bebb-fe799d4fb2da"",""resposta"":""5""},{""questao_id"":""05b67ff8-c38c-4843-a070-9d4873756bba"",""resposta"":""4""},{""questao_id"":""2e0eee90-efc8-4e53-a9a6-e5c9a04e5ac4"",""resposta"":""4""},{""questao_id"":""2896ddc3-8a05-4f42-ba2e-147ca5869528"",""resposta"":""4""},{""questao_id"":""f9da3849-03ee-4b89-a8f8-bdcaa621b13f"",""resposta"":""1""},{""questao_id"":""b9db23ea-54fd-4675-ae6a-53a90c2224e4"",""resposta"":""1""},{""questao_id"":""8630ec3c-2c02-4bb2-8a89-5ca704488d63"",""resposta"":""1""},{""questao_id"":""288f78c2-a40b-4e74-8056-9e13267ba831"",""resposta"":""1""},{""questao_id"":""00c78ce7-1208-4eee-9045-3bda258f8cf7"",""resposta"":""1""},{""questao_id"":""67ee207e-82d9-4ddb-b9f8-c6b639e26913"",""resposta"":""2""},{""questao_id"":""b6d1a761-a47c-4ff6-ad50-69a150d958b8"",""resposta"":""1""},{""questao_id"":""ed8ec49e-4ea5-4380-a17e-49b0ae382ef7"",""resposta"":""1""},{""questao_id"":""7f08590a-93a6-4ade-9c49-17bc71f2c63a"",""resposta"":""1""},{""questao_id"":""276d0ac9-b3f8-401a-9baf-887cf5c976ae"",""resposta"":""1""},{""questao_id"":""c4232f3a-fc51-400d-94fb-1d511929362c"",""resposta"":""2""},{""questao_id"":""b0a25569-f336-4321-b41a-d602bd06633f"",""resposta"":""1""},{""questao_id"":""65c08df6-ed96-44df-a873-44f38ccd20c2"",""resposta"":""1""},{""questao_id"":""bef609ea-d895-486d-858c-2def822ee09f"",""resposta"":""1""},{""questao_id"":""515d0c8d-db37-41a0-a54f-4260796c8651"",""resposta"":""1""},{""questao_id"":""eb7391b0-618b-4a88-bf9d-4433d48446ef"",""resposta"":""1""},{""questao_id"":""6625eebd-612a-491f-8ae9-c6cd792b965b"",""resposta"":""1""}]";;5b0e340e-01b8-4445-8e02-868b25e0cd81;3bf23931-98b7-4d85-8943-504828c985a0
324bc331-470a-4c95-97de-fab68536b2bd;;2026-05-06 14:40:37.922261+00;2026-05-06 14:40:37.922261+00;2026-05-06 14:47:47.404+00;joyce.oliveira@mv6group.com.br;2a1a6f2e-a09a-4382-8bbb-b669b504a0c2;Joyce Fernanda de Oliveira Silva;true;"[{""questao_id"":""633b8285-b206-463b-bc05-88fc6a674930"",""resposta"":""2""},{""questao_id"":""022809d9-561e-4f33-baa9-18ed21c77c97"",""resposta"":""4""},{""questao_id"":""83949701-b77d-405f-80bf-cbd81f26e892"",""resposta"":""1""},{""questao_id"":""97d31d99-962a-4f4e-b901-c386c132fb29"",""resposta"":""3""},{""questao_id"":""58c88368-4591-4834-a469-b976f40eae74"",""resposta"":""5""},{""questao_id"":""1934d81b-aa04-4d7e-9a85-c9df195a34f0"",""resposta"":""4""},{""questao_id"":""9e214ef1-cfb1-4264-97af-fb1bcdfc5726"",""resposta"":""5""},{""questao_id"":""f0479b6a-b00b-4af4-ae9b-d5830c06df06"",""resposta"":""4""},{""questao_id"":""604d03fb-a08e-4649-8fc1-681203eac858"",""resposta"":""5""},{""questao_id"":""ae7483ea-d60a-4b74-8f32-a68181576525"",""resposta"":""5""},{""questao_id"":""d8577f2b-80f6-47be-9543-297475adcabb"",""resposta"":""3""},{""questao_id"":""f5dd3518-8e32-41d4-a923-18a89e0ddfaa"",""resposta"":""3""},{""questao_id"":""102e38d0-2f78-4665-b12c-335b91436230"",""resposta"":""5""},{""questao_id"":""255dd9b4-73a7-4c7d-991c-299cf5ac470a"",""resposta"":""5""},{""questao_id"":""d969504b-cd19-4477-baf0-04c50660ccc8"",""resposta"":""5""},{""questao_id"":""9bc9f452-48d0-4173-bf60-df75e436a3a2"",""resposta"":""4""},{""questao_id"":""d9c76e9b-36d8-48f6-bfec-3f0aa810752d"",""resposta"":""4""},{""questao_id"":""502d52ff-ac3f-47eb-9fc1-4bdb36636341"",""resposta"":""4""},{""questao_id"":""a961aa1b-1e57-4c6c-8494-1cef2f421e12"",""resposta"":""5""},{""questao_id"":""13dd9feb-7bbb-4844-b1f0-21159ae56d6f"",""resposta"":""4""},{""questao_id"":""d790344e-ead3-4d61-92fa-161daddcfab7"",""resposta"":""4""},{""questao_id"":""6d00e26d-813d-4680-ab90-f1c5a59a1577"",""resposta"":""5""},{""questao_id"":""b1872120-ceff-41c1-8ab2-7f5334f64e2c"",""resposta"":""4""},{""questao_id"":""ac3dd98f-f795-401c-a66d-4b8fdfc6ab96"",""resposta"":""4""},{""questao_id"":""383437ce-f07c-4ea1-8411-203eec2044c3"",""resposta"":""3""},{""questao_id"":""5236f0e5-d449-4eea-8b4d-69e3fdba937d"",""resposta"":""2""},{""questao_id"":""da40bf28-9eec-4554-bb7a-a8e8b91ae2c7"",""resposta"":""4""},{""questao_id"":""e054ab73-46a6-47ee-885d-a03388f17346"",""resposta"":""4""},{""questao_id"":""e5befa03-7ed8-4272-b82c-69b30cacc2b3"",""resposta"":""3""},{""questao_id"":""d2baac66-934b-421e-b5e9-a4eaf3180563"",""resposta"":""3""},{""questao_id"":""e75c278b-1c02-4f9b-93ee-e8063ac82489"",""resposta"":""4""},{""questao_id"":""75dcfa72-71e3-4449-acfd-98bf4fdf1a1b"",""resposta"":""4""},{""questao_id"":""0cda2192-e3fa-4db1-860b-83f203903b4c"",""resposta"":""4""},{""questao_id"":""b984a974-1888-4e65-ac5d-0f8fdcf31415"",""resposta"":""4""},{""questao_id"":""b1b46101-e67f-4774-96ca-b0c5033ec1eb"",""resposta"":""4""},{""questao_id"":""1c4cd45d-f210-4673-9a21-3015c3a19450"",""resposta"":""4""},{""questao_id"":""f862310c-07d3-4725-b837-085d775693a4"",""resposta"":""4""},{""questao_id"":""eeafb9a5-8c20-4289-9755-cd50ffdf14f8"",""resposta"":""3""},{""questao_id"":""ad366eaf-74ec-498d-8915-cca2f956d08b"",""resposta"":""3""},{""questao_id"":""e095644f-4eae-447a-8714-5084e0075d6c"",""resposta"":""3""},{""questao_id"":""c225b2cd-6dc2-40af-94f9-092c1fd2d5cb"",""resposta"":""3""},{""questao_id"":""3f7690e1-b630-4169-be47-d59a428d398f"",""resposta"":""2""},{""questao_id"":""e56199cb-ed22-4bca-b27c-6d06e5d02ea8"",""resposta"":""4""},{""questao_id"":""224fa6b2-ad74-4167-8c3d-c8fe20946242"",""resposta"":""4""},{""questao_id"":""9fd85b38-a04d-44e8-b3c6-502fa724f98d"",""resposta"":""3""},{""questao_id"":""be598279-b63e-4dc7-a8b9-513eb90ededa"",""resposta"":""4""},{""questao_id"":""ede781ad-8bdb-4898-ad3f-24b3e1409695"",""resposta"":""4""},{""questao_id"":""afecc711-d5e8-42c9-a13a-3f4378ecbc53"",""resposta"":""4""},{""questao_id"":""140ab386-7b32-4ef2-b650-e871cc95d632"",""resposta"":""4""},{""questao_id"":""10faefae-f28e-4a1e-901c-29ccfc3da4b1"",""resposta"":""4""},{""questao_id"":""07652a0d-39b8-4268-9875-c48b5b66f0d1"",""resposta"":""4""},{""questao_id"":""280db3c1-6230-4198-902b-8e190afa36af"",""resposta"":""4""},{""questao_id"":""e0647656-d318-46c2-939e-731d98974516"",""resposta"":""4""},{""questao_id"":""41c1b999-10a9-4ef3-aaf9-28a194e2f41c"",""resposta"":""4""},{""questao_id"":""4e254489-288a-4067-a623-a7ab121bc8f5"",""resposta"":""5""},{""questao_id"":""acc2197e-1efe-4232-bd0c-18272005b606"",""resposta"":""4""},{""questao_id"":""fa7318ba-cdef-4719-9c87-6ec1485f9b7b"",""resposta"":""3""},{""questao_id"":""070d1ac9-2369-4066-a2b1-3ca499415707"",""resposta"":""4""},{""questao_id"":""8fd8dfb8-1f8a-47ac-9784-edabe55bf495"",""resposta"":""4""},{""questao_id"":""0b111d69-639e-4111-bb3c-c53b317f0726"",""resposta"":""1""},{""questao_id"":""8bf5d264-9ae7-4c3a-a026-cb9d1d8efdbb"",""resposta"":""4""},{""questao_id"":""5495b0d2-3a4f-408c-94c7-4e45050ed3fe"",""resposta"":""3""},{""questao_id"":""f008d0c5-889b-4c54-ae56-fcb5ec2547e4"",""resposta"":""3""},{""questao_id"":""a363212b-7ac2-4e73-9dd6-3d71f2c052db"",""resposta"":""4""},{""questao_id"":""0a623ddf-d7bd-4a82-9da0-6fd3a1729d7b"",""resposta"":""4""},{""questao_id"":""7f36f700-f6bd-4098-9635-93be4f9667dd"",""resposta"":""3""},{""questao_id"":""a32853af-26ae-47ea-aef7-c530ded2cef8"",""resposta"":""4""},{""questao_id"":""bf8117b5-a3c7-4b82-8b35-5d906e3e10f0"",""resposta"":""4""},{""questao_id"":""ce9c1df4-21e2-480b-8082-2ab7449bcd11"",""resposta"":""4""},{""questao_id"":""95fb9755-88b8-4593-8892-28706187774c"",""resposta"":""4""},{""questao_id"":""b06d9110-fa4c-4250-a671-c970fe4f21da"",""resposta"":""3""},{""questao_id"":""506dd58a-32e5-462b-9702-c4ca985ef34d"",""resposta"":""3""},{""questao_id"":""d6d3f0c2-145b-4fba-93e0-f31343020e5b"",""resposta"":""1""},{""questao_id"":""775bd162-77f4-45a8-84a8-a3808c5d1b5d"",""resposta"":""1""},{""questao_id"":""5bb49208-6f91-4b85-9be7-3740b9e0070d"",""resposta"":""1""},{""questao_id"":""8cde03ab-6746-4dba-9eff-4f09796dac8b"",""resposta"":""1""}]";;64138f7b-d7cd-42a9-976e-259a261e7855;1afdf707-f518-4b8f-9955-6bc13ed47e57
324bc331-470a-4c95-97de-fab68536b2bd;;2026-05-06 15:55:33.933804+00;2026-05-06 15:55:33.933804+00;2026-05-06 16:33:10.683+00;endrywsantos123@gmail.com;99ea057a-5d6c-4015-8e0f-f6e3dcb8b275;Denner Endryw Branco Santos;true;"[{""questao_id"":""633b8285-b206-463b-bc05-88fc6a674930"",""resposta"":""3""},{""questao_id"":""022809d9-561e-4f33-baa9-18ed21c77c97"",""resposta"":""4""},{""questao_id"":""83949701-b77d-405f-80bf-cbd81f26e892"",""resposta"":""4""},{""questao_id"":""97d31d99-962a-4f4e-b901-c386c132fb29"",""resposta"":""5""},{""questao_id"":""58c88368-4591-4834-a469-b976f40eae74"",""resposta"":""5""},{""questao_id"":""1934d81b-aa04-4d7e-9a85-c9df195a34f0"",""resposta"":""5""},{""questao_id"":""9e214ef1-cfb1-4264-97af-fb1bcdfc5726"",""resposta"":""5""},{""questao_id"":""f0479b6a-b00b-4af4-ae9b-d5830c06df06"",""resposta"":""3""},{""questao_id"":""604d03fb-a08e-4649-8fc1-681203eac858"",""resposta"":""5""},{""questao_id"":""ae7483ea-d60a-4b74-8f32-a68181576525"",""resposta"":""5""},{""questao_id"":""d8577f2b-80f6-47be-9543-297475adcabb"",""resposta"":""3""},{""questao_id"":""f5dd3518-8e32-41d4-a923-18a89e0ddfaa"",""resposta"":""5""},{""questao_id"":""102e38d0-2f78-4665-b12c-335b91436230"",""resposta"":""5""},{""questao_id"":""255dd9b4-73a7-4c7d-991c-299cf5ac470a"",""resposta"":""5""},{""questao_id"":""d969504b-cd19-4477-baf0-04c50660ccc8"",""resposta"":""5""},{""questao_id"":""9bc9f452-48d0-4173-bf60-df75e436a3a2"",""resposta"":""3""},{""questao_id"":""d9c76e9b-36d8-48f6-bfec-3f0aa810752d"",""resposta"":""4""},{""questao_id"":""502d52ff-ac3f-47eb-9fc1-4bdb36636341"",""resposta"":""4""},{""questao_id"":""a961aa1b-1e57-4c6c-8494-1cef2f421e12"",""resposta"":""4""},{""questao_id"":""13dd9feb-7bbb-4844-b1f0-21159ae56d6f"",""resposta"":""5""},{""questao_id"":""d790344e-ead3-4d61-92fa-161daddcfab7"",""resposta"":""4""},{""questao_id"":""6d00e26d-813d-4680-ab90-f1c5a59a1577"",""resposta"":""4""},{""questao_id"":""b1872120-ceff-41c1-8ab2-7f5334f64e2c"",""resposta"":""4""},{""questao_id"":""ac3dd98f-f795-401c-a66d-4b8fdfc6ab96"",""resposta"":""5""},{""questao_id"":""383437ce-f07c-4ea1-8411-203eec2044c3"",""resposta"":""3""},{""questao_id"":""5236f0e5-d449-4eea-8b4d-69e3fdba937d"",""resposta"":""4""},{""questao_id"":""da40bf28-9eec-4554-bb7a-a8e8b91ae2c7"",""resposta"":""3""},{""questao_id"":""e054ab73-46a6-47ee-885d-a03388f17346"",""resposta"":""1""},{""questao_id"":""e5befa03-7ed8-4272-b82c-69b30cacc2b3"",""resposta"":""1""},{""questao_id"":""d2baac66-934b-421e-b5e9-a4eaf3180563"",""resposta"":""2""},{""questao_id"":""e75c278b-1c02-4f9b-93ee-e8063ac82489"",""resposta"":""2""},{""questao_id"":""75dcfa72-71e3-4449-acfd-98bf4fdf1a1b"",""resposta"":""2""},{""questao_id"":""0cda2192-e3fa-4db1-860b-83f203903b4c"",""resposta"":""3""},{""questao_id"":""b984a974-1888-4e65-ac5d-0f8fdcf31415"",""resposta"":""4""},{""questao_id"":""b1b46101-e67f-4774-96ca-b0c5033ec1eb"",""resposta"":""3""},{""questao_id"":""1c4cd45d-f210-4673-9a21-3015c3a19450"",""resposta"":""4""},{""questao_id"":""f862310c-07d3-4725-b837-085d775693a4"",""resposta"":""3""},{""questao_id"":""eeafb9a5-8c20-4289-9755-cd50ffdf14f8"",""resposta"":""4""},{""questao_id"":""ad366eaf-74ec-498d-8915-cca2f956d08b"",""resposta"":""4""},{""questao_id"":""e095644f-4eae-447a-8714-5084e0075d6c"",""resposta"":""3""},{""questao_id"":""c225b2cd-6dc2-40af-94f9-092c1fd2d5cb"",""resposta"":""3""},{""questao_id"":""3f7690e1-b630-4169-be47-d59a428d398f"",""resposta"":""4""},{""questao_id"":""e56199cb-ed22-4bca-b27c-6d06e5d02ea8"",""resposta"":""4""},{""questao_id"":""224fa6b2-ad74-4167-8c3d-c8fe20946242"",""resposta"":""5""},{""questao_id"":""9fd85b38-a04d-44e8-b3c6-502fa724f98d"",""resposta"":""3""},{""questao_id"":""be598279-b63e-4dc7-a8b9-513eb90ededa"",""resposta"":""4""},{""questao_id"":""ede781ad-8bdb-4898-ad3f-24b3e1409695"",""resposta"":""4""},{""questao_id"":""afecc711-d5e8-42c9-a13a-3f4378ecbc53"",""resposta"":""3""},{""questao_id"":""140ab386-7b32-4ef2-b650-e871cc95d632"",""resposta"":""5""},{""questao_id"":""10faefae-f28e-4a1e-901c-29ccfc3da4b1"",""resposta"":""4""},{""questao_id"":""07652a0d-39b8-4268-9875-c48b5b66f0d1"",""resposta"":""5""},{""questao_id"":""280db3c1-6230-4198-902b-8e190afa36af"",""resposta"":""5""},{""questao_id"":""e0647656-d318-46c2-939e-731d98974516"",""resposta"":""4""},{""questao_id"":""41c1b999-10a9-4ef3-aaf9-28a194e2f41c"",""resposta"":""5""},{""questao_id"":""4e254489-288a-4067-a623-a7ab121bc8f5"",""resposta"":""5""},{""questao_id"":""acc2197e-1efe-4232-bd0c-18272005b606"",""resposta"":""4""},{""questao_id"":""fa7318ba-cdef-4719-9c87-6ec1485f9b7b"",""resposta"":""4""},{""questao_id"":""070d1ac9-2369-4066-a2b1-3ca499415707"",""resposta"":""4""},{""questao_id"":""8fd8dfb8-1f8a-47ac-9784-edabe55bf495"",""resposta"":""4""},{""questao_id"":""0b111d69-639e-4111-bb3c-c53b317f0726"",""resposta"":""1""},{""questao_id"":""8bf5d264-9ae7-4c3a-a026-cb9d1d8efdbb"",""resposta"":""2""},{""questao_id"":""5495b0d2-3a4f-408c-94c7-4e45050ed3fe"",""resposta"":""3""},{""questao_id"":""f008d0c5-889b-4c54-ae56-fcb5ec2547e4"",""resposta"":""3""},{""questao_id"":""a363212b-7ac2-4e73-9dd6-3d71f2c052db"",""resposta"":""4""},{""questao_id"":""0a623ddf-d7bd-4a82-9da0-6fd3a1729d7b"",""resposta"":""3""},{""questao_id"":""7f36f700-f6bd-4098-9635-93be4f9667dd"",""resposta"":""2""},{""questao_id"":""a32853af-26ae-47ea-aef7-c530ded2cef8"",""resposta"":""2""},{""questao_id"":""bf8117b5-a3c7-4b82-8b35-5d906e3e10f0"",""resposta"":""3""},{""questao_id"":""ce9c1df4-21e2-480b-8082-2ab7449bcd11"",""resposta"":""2""},{""questao_id"":""95fb9755-88b8-4593-8892-28706187774c"",""resposta"":""2""},{""questao_id"":""b06d9110-fa4c-4250-a671-c970fe4f21da"",""resposta"":""3""},{""questao_id"":""506dd58a-32e5-462b-9702-c4ca985ef34d"",""resposta"":""3""},{""questao_id"":""d6d3f0c2-145b-4fba-93e0-f31343020e5b"",""resposta"":""3""},{""questao_id"":""775bd162-77f4-45a8-84a8-a3808c5d1b5d"",""resposta"":""1""},{""questao_id"":""5bb49208-6f91-4b85-9be7-3740b9e0070d"",""resposta"":""1""},{""questao_id"":""8cde03ab-6746-4dba-9eff-4f09796dac8b"",""resposta"":""1""}]";;9dcb68b4-b21b-4ff4-8739-f5343035473c;735ef5d8-6f7e-46ad-ad95-26c291190038
324bc331-470a-4c95-97de-fab68536b2bd;;2026-05-06 20:55:41.358357+00;2026-05-06 20:55:41.358357+00;2026-05-06 21:04:49.391+00;isabela.santtana@mv6group.com.br;7cd949d1-3fa2-4563-af93-39660ea83c93;ISABELA DE MATTOS SANTANA;true;"[{""questao_id"":""633b8285-b206-463b-bc05-88fc6a674930"",""resposta"":""4""},{""questao_id"":""022809d9-561e-4f33-baa9-18ed21c77c97"",""resposta"":""4""},{""questao_id"":""83949701-b77d-405f-80bf-cbd81f26e892"",""resposta"":""3""},{""questao_id"":""97d31d99-962a-4f4e-b901-c386c132fb29"",""resposta"":""5""},{""questao_id"":""58c88368-4591-4834-a469-b976f40eae74"",""resposta"":""5""},{""questao_id"":""1934d81b-aa04-4d7e-9a85-c9df195a34f0"",""resposta"":""5""},{""questao_id"":""9e214ef1-cfb1-4264-97af-fb1bcdfc5726"",""resposta"":""4""},{""questao_id"":""f0479b6a-b00b-4af4-ae9b-d5830c06df06"",""resposta"":""5""},{""questao_id"":""604d03fb-a08e-4649-8fc1-681203eac858"",""resposta"":""3""},{""questao_id"":""ae7483ea-d60a-4b74-8f32-a68181576525"",""resposta"":""3""},{""questao_id"":""d8577f2b-80f6-47be-9543-297475adcabb"",""resposta"":""2""},{""questao_id"":""f5dd3518-8e32-41d4-a923-18a89e0ddfaa"",""resposta"":""3""},{""questao_id"":""102e38d0-2f78-4665-b12c-335b91436230"",""resposta"":""3""},{""questao_id"":""255dd9b4-73a7-4c7d-991c-299cf5ac470a"",""resposta"":""4""},{""questao_id"":""d969504b-cd19-4477-baf0-04c50660ccc8"",""resposta"":""4""},{""questao_id"":""9bc9f452-48d0-4173-bf60-df75e436a3a2"",""resposta"":""1""},{""questao_id"":""d9c76e9b-36d8-48f6-bfec-3f0aa810752d"",""resposta"":""1""},{""questao_id"":""502d52ff-ac3f-47eb-9fc1-4bdb36636341"",""resposta"":""2""},{""questao_id"":""a961aa1b-1e57-4c6c-8494-1cef2f421e12"",""resposta"":""4""},{""questao_id"":""13dd9feb-7bbb-4844-b1f0-21159ae56d6f"",""resposta"":""3""},{""questao_id"":""d790344e-ead3-4d61-92fa-161daddcfab7"",""resposta"":""4""},{""questao_id"":""6d00e26d-813d-4680-ab90-f1c5a59a1577"",""resposta"":""3""},{""questao_id"":""b1872120-ceff-41c1-8ab2-7f5334f64e2c"",""resposta"":""3""},{""questao_id"":""ac3dd98f-f795-401c-a66d-4b8fdfc6ab96"",""resposta"":""3""},{""questao_id"":""383437ce-f07c-4ea1-8411-203eec2044c3"",""resposta"":""4""},{""questao_id"":""5236f0e5-d449-4eea-8b4d-69e3fdba937d"",""resposta"":""4""},{""questao_id"":""da40bf28-9eec-4554-bb7a-a8e8b91ae2c7"",""resposta"":""3""},{""questao_id"":""e054ab73-46a6-47ee-885d-a03388f17346"",""resposta"":""3""},{""questao_id"":""e5befa03-7ed8-4272-b82c-69b30cacc2b3"",""resposta"":""2""},{""questao_id"":""d2baac66-934b-421e-b5e9-a4eaf3180563"",""resposta"":""3""},{""questao_id"":""e75c278b-1c02-4f9b-93ee-e8063ac82489"",""resposta"":""3""},{""questao_id"":""75dcfa72-71e3-4449-acfd-98bf4fdf1a1b"",""resposta"":""2""},{""questao_id"":""0cda2192-e3fa-4db1-860b-83f203903b4c"",""resposta"":""2""},{""questao_id"":""b984a974-1888-4e65-ac5d-0f8fdcf31415"",""resposta"":""3""},{""questao_id"":""b1b46101-e67f-4774-96ca-b0c5033ec1eb"",""resposta"":""1""},{""questao_id"":""1c4cd45d-f210-4673-9a21-3015c3a19450"",""resposta"":""3""},{""questao_id"":""f862310c-07d3-4725-b837-085d775693a4"",""resposta"":""3""},{""questao_id"":""eeafb9a5-8c20-4289-9755-cd50ffdf14f8"",""resposta"":""2""},{""questao_id"":""ad366eaf-74ec-498d-8915-cca2f956d08b"",""resposta"":""2""},{""questao_id"":""e095644f-4eae-447a-8714-5084e0075d6c"",""resposta"":""4""},{""questao_id"":""c225b2cd-6dc2-40af-94f9-092c1fd2d5cb"",""resposta"":""3""},{""questao_id"":""3f7690e1-b630-4169-be47-d59a428d398f"",""resposta"":""3""},{""questao_id"":""e56199cb-ed22-4bca-b27c-6d06e5d02ea8"",""resposta"":""3""},{""questao_id"":""224fa6b2-ad74-4167-8c3d-c8fe20946242"",""resposta"":""3""},{""questao_id"":""9fd85b38-a04d-44e8-b3c6-502fa724f98d"",""resposta"":""3""},{""questao_id"":""be598279-b63e-4dc7-a8b9-513eb90ededa"",""resposta"":""3""},{""questao_id"":""ede781ad-8bdb-4898-ad3f-24b3e1409695"",""resposta"":""3""},{""questao_id"":""afecc711-d5e8-42c9-a13a-3f4378ecbc53"",""resposta"":""3""},{""questao_id"":""140ab386-7b32-4ef2-b650-e871cc95d632"",""resposta"":""4""},{""questao_id"":""10faefae-f28e-4a1e-901c-29ccfc3da4b1"",""resposta"":""3""},{""questao_id"":""07652a0d-39b8-4268-9875-c48b5b66f0d1"",""resposta"":""5""},{""questao_id"":""280db3c1-6230-4198-902b-8e190afa36af"",""resposta"":""4""},{""questao_id"":""e0647656-d318-46c2-939e-731d98974516"",""resposta"":""3""},{""questao_id"":""41c1b999-10a9-4ef3-aaf9-28a194e2f41c"",""resposta"":""3""},{""questao_id"":""4e254489-288a-4067-a623-a7ab121bc8f5"",""resposta"":""4""},{""questao_id"":""acc2197e-1efe-4232-bd0c-18272005b606"",""resposta"":""2""},{""questao_id"":""fa7318ba-cdef-4719-9c87-6ec1485f9b7b"",""resposta"":""4""},{""questao_id"":""070d1ac9-2369-4066-a2b1-3ca499415707"",""resposta"":""3""},{""questao_id"":""8fd8dfb8-1f8a-47ac-9784-edabe55bf495"",""resposta"":""3""},{""questao_id"":""0b111d69-639e-4111-bb3c-c53b317f0726"",""resposta"":""4""},{""questao_id"":""8bf5d264-9ae7-4c3a-a026-cb9d1d8efdbb"",""resposta"":""4""},{""questao_id"":""5495b0d2-3a4f-408c-94c7-4e45050ed3fe"",""resposta"":""4""},{""questao_id"":""f008d0c5-889b-4c54-ae56-fcb5ec2547e4"",""resposta"":""4""},{""questao_id"":""a363212b-7ac2-4e73-9dd6-3d71f2c052db"",""resposta"":""3""},{""questao_id"":""0a623ddf-d7bd-4a82-9da0-6fd3a1729d7b"",""resposta"":""4""},{""questao_id"":""7f36f700-f6bd-4098-9635-93be4f9667dd"",""resposta"":""2""},{""questao_id"":""a32853af-26ae-47ea-aef7-c530ded2cef8"",""resposta"":""4""},{""questao_id"":""bf8117b5-a3c7-4b82-8b35-5d906e3e10f0"",""resposta"":""4""},{""questao_id"":""ce9c1df4-21e2-480b-8082-2ab7449bcd11"",""resposta"":""4""},{""questao_id"":""95fb9755-88b8-4593-8892-28706187774c"",""resposta"":""3""},{""questao_id"":""b06d9110-fa4c-4250-a671-c970fe4f21da"",""resposta"":""3""},{""questao_id"":""506dd58a-32e5-462b-9702-c4ca985ef34d"",""resposta"":""4""},{""questao_id"":""d6d3f0c2-145b-4fba-93e0-f31343020e5b"",""resposta"":""1""},{""questao_id"":""775bd162-77f4-45a8-84a8-a3808c5d1b5d"",""resposta"":""1""},{""questao_id"":""5bb49208-6f91-4b85-9be7-3740b9e0070d"",""resposta"":""1""},{""questao_id"":""8cde03ab-6746-4dba-9eff-4f09796dac8b"",""resposta"":""1""}]";;205671a8-59ea-4517-b12b-e65df8ebb732;98abd6f7-c8c6-4b32-8f73-447c9bb47a30
324bc331-470a-4c95-97de-fab68536b2bd;;2026-05-07 12:39:36.624672+00;2026-05-07 12:39:36.624672+00;2026-05-07 12:49:45.109+00;victorsouzabarros67@gmail.com;160d7b2f-71f7-435b-99a6-0ca0948947e1;Victor Henrique Souza de Barros;true;"[{""questao_id"":""633b8285-b206-463b-bc05-88fc6a674930"",""resposta"":""1""},{""questao_id"":""022809d9-561e-4f33-baa9-18ed21c77c97"",""resposta"":""1""},{""questao_id"":""83949701-b77d-405f-80bf-cbd81f26e892"",""resposta"":""1""},{""questao_id"":""97d31d99-962a-4f4e-b901-c386c132fb29"",""resposta"":""2""},{""questao_id"":""58c88368-4591-4834-a469-b976f40eae74"",""resposta"":""4""},{""questao_id"":""1934d81b-aa04-4d7e-9a85-c9df195a34f0"",""resposta"":""3""},{""questao_id"":""9e214ef1-cfb1-4264-97af-fb1bcdfc5726"",""resposta"":""1""},{""questao_id"":""f0479b6a-b00b-4af4-ae9b-d5830c06df06"",""resposta"":""2""},{""questao_id"":""604d03fb-a08e-4649-8fc1-681203eac858"",""resposta"":""3""},{""questao_id"":""ae7483ea-d60a-4b74-8f32-a68181576525"",""resposta"":""3""},{""questao_id"":""d8577f2b-80f6-47be-9543-297475adcabb"",""resposta"":""2""},{""questao_id"":""f5dd3518-8e32-41d4-a923-18a89e0ddfaa"",""resposta"":""3""},{""questao_id"":""102e38d0-2f78-4665-b12c-335b91436230"",""resposta"":""3""},{""questao_id"":""255dd9b4-73a7-4c7d-991c-299cf5ac470a"",""resposta"":""4""},{""questao_id"":""d969504b-cd19-4477-baf0-04c50660ccc8"",""resposta"":""5""},{""questao_id"":""9bc9f452-48d0-4173-bf60-df75e436a3a2"",""resposta"":""4""},{""questao_id"":""d9c76e9b-36d8-48f6-bfec-3f0aa810752d"",""resposta"":""5""},{""questao_id"":""502d52ff-ac3f-47eb-9fc1-4bdb36636341"",""resposta"":""5""},{""questao_id"":""a961aa1b-1e57-4c6c-8494-1cef2f421e12"",""resposta"":""5""},{""questao_id"":""13dd9feb-7bbb-4844-b1f0-21159ae56d6f"",""resposta"":""5""},{""questao_id"":""d790344e-ead3-4d61-92fa-161daddcfab7"",""resposta"":""5""},{""questao_id"":""6d00e26d-813d-4680-ab90-f1c5a59a1577"",""resposta"":""5""},{""questao_id"":""b1872120-ceff-41c1-8ab2-7f5334f64e2c"",""resposta"":""5""},{""questao_id"":""ac3dd98f-f795-401c-a66d-4b8fdfc6ab96"",""resposta"":""2""},{""questao_id"":""383437ce-f07c-4ea1-8411-203eec2044c3"",""resposta"":""1""},{""questao_id"":""5236f0e5-d449-4eea-8b4d-69e3fdba937d"",""resposta"":""1""},{""questao_id"":""da40bf28-9eec-4554-bb7a-a8e8b91ae2c7"",""resposta"":""4""},{""questao_id"":""e054ab73-46a6-47ee-885d-a03388f17346"",""resposta"":""4""},{""questao_id"":""e5befa03-7ed8-4272-b82c-69b30cacc2b3"",""resposta"":""5""},{""questao_id"":""d2baac66-934b-421e-b5e9-a4eaf3180563"",""resposta"":""5""},{""questao_id"":""e75c278b-1c02-4f9b-93ee-e8063ac82489"",""resposta"":""5""},{""questao_id"":""75dcfa72-71e3-4449-acfd-98bf4fdf1a1b"",""resposta"":""5""},{""questao_id"":""0cda2192-e3fa-4db1-860b-83f203903b4c"",""resposta"":""5""},{""questao_id"":""b984a974-1888-4e65-ac5d-0f8fdcf31415"",""resposta"":""5""},{""questao_id"":""b1b46101-e67f-4774-96ca-b0c5033ec1eb"",""resposta"":""5""},{""questao_id"":""1c4cd45d-f210-4673-9a21-3015c3a19450"",""resposta"":""5""},{""questao_id"":""f862310c-07d3-4725-b837-085d775693a4"",""resposta"":""5""},{""questao_id"":""eeafb9a5-8c20-4289-9755-cd50ffdf14f8"",""resposta"":""5""},{""questao_id"":""ad366eaf-74ec-498d-8915-cca2f956d08b"",""resposta"":""5""},{""questao_id"":""e095644f-4eae-447a-8714-5084e0075d6c"",""resposta"":""1""},{""questao_id"":""c225b2cd-6dc2-40af-94f9-092c1fd2d5cb"",""resposta"":""1""},{""questao_id"":""3f7690e1-b630-4169-be47-d59a428d398f"",""resposta"":""5""},{""questao_id"":""e56199cb-ed22-4bca-b27c-6d06e5d02ea8"",""resposta"":""5""},{""questao_id"":""224fa6b2-ad74-4167-8c3d-c8fe20946242"",""resposta"":""5""},{""questao_id"":""9fd85b38-a04d-44e8-b3c6-502fa724f98d"",""resposta"":""1""},{""questao_id"":""be598279-b63e-4dc7-a8b9-513eb90ededa"",""resposta"":""5""},{""questao_id"":""ede781ad-8bdb-4898-ad3f-24b3e1409695"",""resposta"":""5""},{""questao_id"":""afecc711-d5e8-42c9-a13a-3f4378ecbc53"",""resposta"":""5""},{""questao_id"":""140ab386-7b32-4ef2-b650-e871cc95d632"",""resposta"":""5""},{""questao_id"":""10faefae-f28e-4a1e-901c-29ccfc3da4b1"",""resposta"":""5""},{""questao_id"":""07652a0d-39b8-4268-9875-c48b5b66f0d1"",""resposta"":""5""},{""questao_id"":""280db3c1-6230-4198-902b-8e190afa36af"",""resposta"":""5""},{""questao_id"":""e0647656-d318-46c2-939e-731d98974516"",""resposta"":""4""},{""questao_id"":""41c1b999-10a9-4ef3-aaf9-28a194e2f41c"",""resposta"":""3""},{""questao_id"":""4e254489-288a-4067-a623-a7ab121bc8f5"",""resposta"":""3""},{""questao_id"":""acc2197e-1efe-4232-bd0c-18272005b606"",""resposta"":""5""},{""questao_id"":""fa7318ba-cdef-4719-9c87-6ec1485f9b7b"",""resposta"":""5""},{""questao_id"":""070d1ac9-2369-4066-a2b1-3ca499415707"",""resposta"":""5""},{""questao_id"":""8fd8dfb8-1f8a-47ac-9784-edabe55bf495"",""resposta"":""5""},{""questao_id"":""0b111d69-639e-4111-bb3c-c53b317f0726"",""resposta"":""2""},{""questao_id"":""8bf5d264-9ae7-4c3a-a026-cb9d1d8efdbb"",""resposta"":""1""},{""questao_id"":""5495b0d2-3a4f-408c-94c7-4e45050ed3fe"",""resposta"":""1""},{""questao_id"":""f008d0c5-889b-4c54-ae56-fcb5ec2547e4"",""resposta"":""1""},{""questao_id"":""a363212b-7ac2-4e73-9dd6-3d71f2c052db"",""resposta"":""2""},{""questao_id"":""0a623ddf-d7bd-4a82-9da0-6fd3a1729d7b"",""resposta"":""1""},{""questao_id"":""7f36f700-f6bd-4098-9635-93be4f9667dd"",""resposta"":""1""},{""questao_id"":""a32853af-26ae-47ea-aef7-c530ded2cef8"",""resposta"":""2""},{""questao_id"":""bf8117b5-a3c7-4b82-8b35-5d906e3e10f0"",""resposta"":""2""},{""questao_id"":""ce9c1df4-21e2-480b-8082-2ab7449bcd11"",""resposta"":""3""},{""questao_id"":""95fb9755-88b8-4593-8892-28706187774c"",""resposta"":""1""},{""questao_id"":""b06d9110-fa4c-4250-a671-c970fe4f21da"",""resposta"":""1""},{""questao_id"":""506dd58a-32e5-462b-9702-c4ca985ef34d"",""resposta"":""1""},{""questao_id"":""d6d3f0c2-145b-4fba-93e0-f31343020e5b"",""resposta"":""1""},{""questao_id"":""775bd162-77f4-45a8-84a8-a3808c5d1b5d"",""resposta"":""1""},{""questao_id"":""5bb49208-6f91-4b85-9be7-3740b9e0070d"",""resposta"":""1""},{""questao_id"":""8cde03ab-6746-4dba-9eff-4f09796dac8b"",""resposta"":""1""}]";;4cc74c00-7ee7-4408-80c4-02065feae28b;7455908a-d8e3-49b7-9c0f-ffa76dc417d2
324bc331-470a-4c95-97de-fab68536b2bd;;2026-05-07 12:53:14.004214+00;2026-05-07 12:53:14.004214+00;2026-05-07 13:05:19.327+00;davyalbertosereni@gmail.com;60bcdbdc-b0a4-4e88-8fa2-883b10ba0a27;Davy Alberto Sereni Cardoso;true;"[{""questao_id"":""633b8285-b206-463b-bc05-88fc6a674930"",""resposta"":""2""},{""questao_id"":""022809d9-561e-4f33-baa9-18ed21c77c97"",""resposta"":""2""},{""questao_id"":""83949701-b77d-405f-80bf-cbd81f26e892"",""resposta"":""3""},{""questao_id"":""97d31d99-962a-4f4e-b901-c386c132fb29"",""resposta"":""3""},{""questao_id"":""58c88368-4591-4834-a469-b976f40eae74"",""resposta"":""4""},{""questao_id"":""1934d81b-aa04-4d7e-9a85-c9df195a34f0"",""resposta"":""5""},{""questao_id"":""9e214ef1-cfb1-4264-97af-fb1bcdfc5726"",""resposta"":""3""},{""questao_id"":""f0479b6a-b00b-4af4-ae9b-d5830c06df06"",""resposta"":""3""},{""questao_id"":""604d03fb-a08e-4649-8fc1-681203eac858"",""resposta"":""4""},{""questao_id"":""ae7483ea-d60a-4b74-8f32-a68181576525"",""resposta"":""1""},{""questao_id"":""d8577f2b-80f6-47be-9543-297475adcabb"",""resposta"":""3""},{""questao_id"":""f5dd3518-8e32-41d4-a923-18a89e0ddfaa"",""resposta"":""4""},{""questao_id"":""102e38d0-2f78-4665-b12c-335b91436230"",""resposta"":""4""},{""questao_id"":""255dd9b4-73a7-4c7d-991c-299cf5ac470a"",""resposta"":""5""},{""questao_id"":""d969504b-cd19-4477-baf0-04c50660ccc8"",""resposta"":""5""},{""questao_id"":""9bc9f452-48d0-4173-bf60-df75e436a3a2"",""resposta"":""4""},{""questao_id"":""d9c76e9b-36d8-48f6-bfec-3f0aa810752d"",""resposta"":""4""},{""questao_id"":""502d52ff-ac3f-47eb-9fc1-4bdb36636341"",""resposta"":""4""},{""questao_id"":""a961aa1b-1e57-4c6c-8494-1cef2f421e12"",""resposta"":""4""},{""questao_id"":""13dd9feb-7bbb-4844-b1f0-21159ae56d6f"",""resposta"":""4""},{""questao_id"":""d790344e-ead3-4d61-92fa-161daddcfab7"",""resposta"":""5""},{""questao_id"":""6d00e26d-813d-4680-ab90-f1c5a59a1577"",""resposta"":""5""},{""questao_id"":""b1872120-ceff-41c1-8ab2-7f5334f64e2c"",""resposta"":""5""},{""questao_id"":""ac3dd98f-f795-401c-a66d-4b8fdfc6ab96"",""resposta"":""4""},{""questao_id"":""383437ce-f07c-4ea1-8411-203eec2044c3"",""resposta"":""2""},{""questao_id"":""5236f0e5-d449-4eea-8b4d-69e3fdba937d"",""resposta"":""2""},{""questao_id"":""da40bf28-9eec-4554-bb7a-a8e8b91ae2c7"",""resposta"":""4""},{""questao_id"":""e054ab73-46a6-47ee-885d-a03388f17346"",""resposta"":""5""},{""questao_id"":""e5befa03-7ed8-4272-b82c-69b30cacc2b3"",""resposta"":""4""},{""questao_id"":""d2baac66-934b-421e-b5e9-a4eaf3180563"",""resposta"":""4""},{""questao_id"":""e75c278b-1c02-4f9b-93ee-e8063ac82489"",""resposta"":""4""},{""questao_id"":""75dcfa72-71e3-4449-acfd-98bf4fdf1a1b"",""resposta"":""4""},{""questao_id"":""0cda2192-e3fa-4db1-860b-83f203903b4c"",""resposta"":""5""},{""questao_id"":""b984a974-1888-4e65-ac5d-0f8fdcf31415"",""resposta"":""5""},{""questao_id"":""b1b46101-e67f-4774-96ca-b0c5033ec1eb"",""resposta"":""5""},{""questao_id"":""1c4cd45d-f210-4673-9a21-3015c3a19450"",""resposta"":""4""},{""questao_id"":""f862310c-07d3-4725-b837-085d775693a4"",""resposta"":""4""},{""questao_id"":""eeafb9a5-8c20-4289-9755-cd50ffdf14f8"",""resposta"":""4""},{""questao_id"":""ad366eaf-74ec-498d-8915-cca2f956d08b"",""resposta"":""4""},{""questao_id"":""e095644f-4eae-447a-8714-5084e0075d6c"",""resposta"":""4""},{""questao_id"":""c225b2cd-6dc2-40af-94f9-092c1fd2d5cb"",""resposta"":""2""},{""questao_id"":""3f7690e1-b630-4169-be47-d59a428d398f"",""resposta"":""4""},{""questao_id"":""e56199cb-ed22-4bca-b27c-6d06e5d02ea8"",""resposta"":""4""},{""questao_id"":""224fa6b2-ad74-4167-8c3d-c8fe20946242"",""resposta"":""4""},{""questao_id"":""9fd85b38-a04d-44e8-b3c6-502fa724f98d"",""resposta"":""2""},{""questao_id"":""be598279-b63e-4dc7-a8b9-513eb90ededa"",""resposta"":""4""},{""questao_id"":""ede781ad-8bdb-4898-ad3f-24b3e1409695"",""resposta"":""4""},{""questao_id"":""afecc711-d5e8-42c9-a13a-3f4378ecbc53"",""resposta"":""4""},{""questao_id"":""140ab386-7b32-4ef2-b650-e871cc95d632"",""resposta"":""5""},{""questao_id"":""10faefae-f28e-4a1e-901c-29ccfc3da4b1"",""resposta"":""4""},{""questao_id"":""07652a0d-39b8-4268-9875-c48b5b66f0d1"",""resposta"":""4""},{""questao_id"":""280db3c1-6230-4198-902b-8e190afa36af"",""resposta"":""4""},{""questao_id"":""e0647656-d318-46c2-939e-731d98974516"",""resposta"":""5""},{""questao_id"":""41c1b999-10a9-4ef3-aaf9-28a194e2f41c"",""resposta"":""4""},{""questao_id"":""4e254489-288a-4067-a623-a7ab121bc8f5"",""resposta"":""3""},{""questao_id"":""acc2197e-1efe-4232-bd0c-18272005b606"",""resposta"":""4""},{""questao_id"":""fa7318ba-cdef-4719-9c87-6ec1485f9b7b"",""resposta"":""2""},{""questao_id"":""070d1ac9-2369-4066-a2b1-3ca499415707"",""resposta"":""4""},{""questao_id"":""8fd8dfb8-1f8a-47ac-9784-edabe55bf495"",""resposta"":""4""},{""questao_id"":""0b111d69-639e-4111-bb3c-c53b317f0726"",""resposta"":""1""},{""questao_id"":""8bf5d264-9ae7-4c3a-a026-cb9d1d8efdbb"",""resposta"":""3""},{""questao_id"":""5495b0d2-3a4f-408c-94c7-4e45050ed3fe"",""resposta"":""2""},{""questao_id"":""f008d0c5-889b-4c54-ae56-fcb5ec2547e4"",""resposta"":""2""},{""questao_id"":""a363212b-7ac2-4e73-9dd6-3d71f2c052db"",""resposta"":""3""},{""questao_id"":""0a623ddf-d7bd-4a82-9da0-6fd3a1729d7b"",""resposta"":""3""},{""questao_id"":""7f36f700-f6bd-4098-9635-93be4f9667dd"",""resposta"":""1""},{""questao_id"":""a32853af-26ae-47ea-aef7-c530ded2cef8"",""resposta"":""3""},{""questao_id"":""bf8117b5-a3c7-4b82-8b35-5d906e3e10f0"",""resposta"":""3""},{""questao_id"":""ce9c1df4-21e2-480b-8082-2ab7449bcd11"",""resposta"":""3""},{""questao_id"":""95fb9755-88b8-4593-8892-28706187774c"",""resposta"":""3""},{""questao_id"":""b06d9110-fa4c-4250-a671-c970fe4f21da"",""resposta"":""2""},{""questao_id"":""506dd58a-32e5-462b-9702-c4ca985ef34d"",""resposta"":""3""},{""questao_id"":""d6d3f0c2-145b-4fba-93e0-f31343020e5b"",""resposta"":""1""},{""questao_id"":""775bd162-77f4-45a8-84a8-a3808c5d1b5d"",""resposta"":""1""},{""questao_id"":""5bb49208-6f91-4b85-9be7-3740b9e0070d"",""resposta"":""1""},{""questao_id"":""8cde03ab-6746-4dba-9eff-4f09796dac8b"",""resposta"":""1""}]";;aca5ab03-de02-4799-9063-02a0617e0132;35df2aa0-2ff8-44f4-a85e-53c29da85e1c
324bc331-470a-4c95-97de-fab68536b2bd;;2026-05-13 20:21:41.190918+00;2026-05-13 20:21:41.190918+00;2026-05-13 20:38:53.509+00;kayke.belarmino@mv6group.com.br;88f2803f-3272-4938-80ae-2d363e6b7968;Kayke Belarmino de Souza;true;"[{""questao_id"":""7c01501a-fca3-4fdc-ad74-5793bee50c48"",""resposta"":""1""},{""questao_id"":""331ec376-c132-43d7-ac0d-af2a9ce6fd73"",""resposta"":""1""},{""questao_id"":""3b675613-d1b8-4a9e-8996-567b2b698859"",""resposta"":""2""},{""questao_id"":""77fb4000-e221-468f-8a70-53a9b7cf03bb"",""resposta"":""4""},{""questao_id"":""bf908d15-45cd-440e-bd3e-9a484f51c8ed"",""resposta"":""5""},{""questao_id"":""3daa0e93-c3d1-4bef-9996-03e1eeb4e183"",""resposta"":""4""},{""questao_id"":""a53735e0-e57d-46d8-aae7-4bfba30346d0"",""resposta"":""3""},{""questao_id"":""4f16d832-86e1-49cb-9685-5982c0aab074"",""resposta"":""2""},{""questao_id"":""7e97429e-5ed8-475d-abd4-c4af9955fc32"",""resposta"":""3""},{""questao_id"":""c00d3431-7fe5-44f8-876a-a68ef8b9a02f"",""resposta"":""2""},{""questao_id"":""dee7f613-049b-4821-a1ff-9149cd9de9ad"",""resposta"":""2""},{""questao_id"":""9498b870-fd2c-4f27-ab57-c78794ca9fe9"",""resposta"":""2""},{""questao_id"":""8adb5684-55c7-4512-a10a-1df49b089427"",""resposta"":""4""},{""questao_id"":""2a84758a-3fbb-468b-a88c-f900c62df4c4"",""resposta"":""5""},{""questao_id"":""f813582e-ff01-4154-8113-7c35c82c5936"",""resposta"":""5""},{""questao_id"":""12fbcb37-044b-4c7b-aade-cd2f2d68baf9"",""resposta"":""4""},{""questao_id"":""de17e4a1-8626-4d6b-aadd-93443ad01ce8"",""resposta"":""5""},{""questao_id"":""d256c16a-feeb-4651-bd67-db2c9d861cc5"",""resposta"":""5""},{""questao_id"":""38c52508-5c3b-49a4-b4b4-d5f030405eb4"",""resposta"":""4""},{""questao_id"":""2166e386-a6e6-4341-b4d3-027a65f055f9"",""resposta"":""3""},{""questao_id"":""c63f90e9-af64-4c65-b4c8-1bf20ed8a948"",""resposta"":""4""},{""questao_id"":""21609cd6-ea8d-4984-a857-324d46535afb"",""resposta"":""5""},{""questao_id"":""c703a225-aed9-48fc-ae59-3362b31d9455"",""resposta"":""5""},{""questao_id"":""0735c73b-eaba-4dd2-b313-f5c012ccbf48"",""resposta"":""1""},{""questao_id"":""9ab464fc-4e4c-4e2b-8a27-0ffc4685f3e3"",""resposta"":""2""},{""questao_id"":""1f658201-29f6-4582-a91b-b281219aaf26"",""resposta"":""1""},{""questao_id"":""f061d327-f91d-47bf-ac15-e6bd8564e005"",""resposta"":""4""},{""questao_id"":""0098b562-0886-4939-a3e0-f04cf3a61f35"",""resposta"":""4""},{""questao_id"":""df8ebe54-0138-470b-9f83-8e08bc734f80"",""resposta"":""4""},{""questao_id"":""65cbbc4e-0b35-4979-970e-515601c6c4b9"",""resposta"":""5""},{""questao_id"":""b7e2a333-724a-44e1-a214-c815f4468178"",""resposta"":""5""},{""questao_id"":""e3462076-2a60-48f9-aa9f-c37083b9ce0c"",""resposta"":""3""},{""questao_id"":""cec4a48a-a738-4376-a750-e4b0198979ba"",""resposta"":""4""},{""questao_id"":""ea0cf14a-a36e-4764-a907-3b3565b5e142"",""resposta"":""5""},{""questao_id"":""b49cc38a-d58a-421e-8080-7932a817cf85"",""resposta"":""4""},{""questao_id"":""241cd249-6d16-4635-a624-bd87a172a657"",""resposta"":""3""},{""questao_id"":""a7d813dc-9f04-4ca3-ba64-37eb6103df5a"",""resposta"":""4""},{""questao_id"":""d2ce04a7-86eb-46cb-a27a-917452f71d3d"",""resposta"":""4""},{""questao_id"":""6b18a5d1-8ff0-4217-8d3e-5d38c34fee2c"",""resposta"":""4""},{""questao_id"":""25466f76-bf19-494a-a577-3a7d7a0959ef"",""resposta"":""1""},{""questao_id"":""35d2792f-bbe4-43c0-bb0e-bed0fb91505d"",""resposta"":""1""},{""questao_id"":""fe6474ec-cfec-4593-b74a-875cfe4d9f02"",""resposta"":""4""},{""questao_id"":""5adda33e-11b7-420f-b5aa-3f631c6133ab"",""resposta"":""4""},{""questao_id"":""d57ddffd-d3d4-4bea-ba96-20068a6c98e1"",""resposta"":""4""},{""questao_id"":""6f2b05a8-a8ee-473a-bfd5-40fb312f229a"",""resposta"":""1""},{""questao_id"":""373b3288-f866-46cb-a788-3f3d9de13bff"",""resposta"":""4""},{""questao_id"":""3eedd1db-e828-4789-b166-b9afbed779df"",""resposta"":""4""},{""questao_id"":""a9452a36-65b8-4cf2-b362-fbe32ee7a3cf"",""resposta"":""4""},{""questao_id"":""ebca11b4-0d2f-4eef-8258-57b22acff318"",""resposta"":""5""},{""questao_id"":""4c05b5b4-7e2f-44bd-9cab-62f169c4c382"",""resposta"":""3""},{""questao_id"":""bc3ea6cf-899f-41f6-acd8-98000334b3c2"",""resposta"":""5""},{""questao_id"":""806009e6-e17c-4ec9-a9ac-784ff91604ea"",""resposta"":""4""},{""questao_id"":""720d0860-ed99-431a-8fd0-712250eb97db"",""resposta"":""4""},{""questao_id"":""21655490-cf7e-4a16-bb41-0027a7f5c1c5"",""resposta"":""4""},{""questao_id"":""3a80b68f-07e3-4043-b047-a146301aa7d4"",""resposta"":""3""},{""questao_id"":""24a2295d-394f-4de6-95fa-22bf4bff6cf8"",""resposta"":""4""},{""questao_id"":""2c4f872b-d843-423f-92c1-cea1b591fe16"",""resposta"":""4""},{""questao_id"":""1c9eba03-82bc-41bc-8262-dfdaf3ee23ee"",""resposta"":""4""},{""questao_id"":""de0c17ec-1c7b-40c3-a57e-e9efcb9f296f"",""resposta"":""3""},{""questao_id"":""6bdf6723-29e7-4308-9766-3597c3dbc35b"",""resposta"":""4""},{""questao_id"":""1f8495e8-4072-4f9b-a832-c015cfbf784d"",""resposta"":""2""},{""questao_id"":""8915979e-1093-4503-8b9c-c5e880adf547"",""resposta"":""2""},{""questao_id"":""f9ce90df-5494-40d9-bdfb-3fe0f816f7b2"",""resposta"":""3""},{""questao_id"":""f09d0936-0682-4103-bf2e-1ca4f14aef1f"",""resposta"":""3""},{""questao_id"":""e4206d89-509f-4d97-b40e-fc02c1cf011a"",""resposta"":""3""},{""questao_id"":""c9e7f5c9-b3ad-4ee9-9f66-cbb409741787"",""resposta"":""2""},{""questao_id"":""1badf47a-19c2-4511-89a9-e2a7f3a9d3c6"",""resposta"":""3""},{""questao_id"":""50c0c46c-8f16-4c27-aac0-9e47a2d3c814"",""resposta"":""3""},{""questao_id"":""6eccecbc-3b4a-40db-9432-c7ec80088db2"",""resposta"":""1""},{""questao_id"":""8262c258-3c12-4d69-83ce-8a2ce4b67c45"",""resposta"":""3""},{""questao_id"":""da3c1ce6-d680-49e6-995e-d6b60a97336f"",""resposta"":""2""},{""questao_id"":""5ba8c966-fce5-43e9-a40f-e7287ff6afa0"",""resposta"":""3""},{""questao_id"":""66d23ada-df85-4a1d-b899-64d9d509d546"",""resposta"":""1""},{""questao_id"":""49ca65eb-fa33-4907-9f1c-08d92d75c8f5"",""resposta"":""1""},{""questao_id"":""f75ad6e5-0150-41ca-accb-148d863722f4"",""resposta"":""1""},{""questao_id"":""7561783b-4a64-4dc0-a172-91d232e13519"",""resposta"":""1""}]";;2a9b5416-f5af-43a6-bac3-60592d223a94;0979bac7-1d36-4255-a0e3-8ad829137124