created_at;id;ip_address;metadata;origem;perfil_publico_id;tipo_evento;user_agent
2025-11-21 23:28:27.023485+00;4a43e739-9f03-4ec0-b7a0-a321cf9bfdcd;;{};;17df36a9-2e4e-4e38-842a-9835d291a8cd;visita;
2025-11-22 00:39:05.919261+00;f64769db-bb9e-4d5f-bef6-8f51922cff3e;;{};;17df36a9-2e4e-4e38-842a-9835d291a8cd;visita;
2025-11-25 20:48:17.061443+00;ff660ebf-dcb9-448a-842f-3f9c663312ca;;"{""isDomainCustomizado"":false,""url"":""https://psi.guilds.com.br/perfil/gustavopsiqguilds""}";;17df36a9-2e4e-4e38-842a-9835d291a8cd;visita;
2025-11-29 13:14:03.87383+00;e10242d5-93e6-4e6c-b2c4-d7abc6355b2d;;"{""isDomainCustomizado"":false,""url"":""https://preview--psych-harmony-65175.lovable.app/perfil/sodreia""}";;5e200087-a353-4237-a68c-d2622a67cac3;visita;
2025-11-29 13:14:07.811596+00;2dbf75a5-9567-4ad8-9e91-37b8606a1783;;"{""isDomainCustomizado"":false,""url"":""https://sodreia.com.br/perfil/sodreia""}";;5e200087-a353-4237-a68c-d2622a67cac3;visita;
2025-11-29 13:26:00.839856+00;6c43c8ff-48ee-4235-99b7-4f5f1abdf517;;"{""isDomainCustomizado"":false,""url"":""https://sodreia.com.br/perfil/sodreia""}";;5e200087-a353-4237-a68c-d2622a67cac3;clique_cta_flutuante;
2025-12-09 15:32:36.528235+00;4ce325bb-203b-4794-8d40-da5a869fb985;;"{""isDomainCustomizado"":true,""url"":""https://sodreia.com.br""}";;5e200087-a353-4237-a68c-d2622a67cac3;visita;
2025-12-11 10:57:56.003518+00;55ca4e91-56fd-4de4-afd0-90f459a7ff30;;"{""isDomainCustomizado"":true,""url"":""https://sodreia.com.br""}";;5e200087-a353-4237-a68c-d2622a67cac3;visita;
2025-12-11 10:58:04.563021+00;d715e48a-80f4-465b-84f5-aed09c475ea7;;"{""isDomainCustomizado"":true,""url"":""https://sodreia.com.br""}";;5e200087-a353-4237-a68c-d2622a67cac3;visita;
2025-12-11 10:59:10.721285+00;7fb5e701-0eaa-4366-832b-26df05e9f989;;"{""isDomainCustomizado"":true,""url"":""https://sodreia.com.br""}";;5e200087-a353-4237-a68c-d2622a67cac3;visita;
2025-12-11 10:59:10.752244+00;0cfe2ed3-6d34-494a-b53f-24d447fe53bc;;"{""isDomainCustomizado"":true,""url"":""https://sodreia.com.br""}";;5e200087-a353-4237-a68c-d2622a67cac3;visita;
2025-12-11 18:15:27.297185+00;1fc28bd7-00e9-4c6c-890b-2e195b039f8e;;"{""isDomainCustomizado"":true,""url"":""https://sodreia.com.br""}";;5e200087-a353-4237-a68c-d2622a67cac3;visita;
2025-12-11 18:26:11.450842+00;f6cd542a-6e42-4c4d-9e52-b7bef03c9378;;"{""isDomainCustomizado"":true,""url"":""https://sodreia.com.br""}";;5e200087-a353-4237-a68c-d2622a67cac3;visita;
2025-12-11 18:43:21.447205+00;e960bfc2-a58d-44ba-9a93-a45019f9daef;;"{""isDomainCustomizado"":true,""url"":""https://sodreia.com.br""}";;5e200087-a353-4237-a68c-d2622a67cac3;clique_cta_hero;
2025-12-11 18:43:23.485175+00;36dd42fb-0294-46a4-a4c8-f6c3e13f536b;;"{""isDomainCustomizado"":true,""url"":""https://sodreia.com.br""}";;5e200087-a353-4237-a68c-d2622a67cac3;clique_cta_flutuante;
2025-12-12 01:42:46.88959+00;0729f6cf-2541-4a60-bb76-76fb24c3de78;;"{""isDomainCustomizado"":true,""url"":""https://sodreia.com.br""}";;5e200087-a353-4237-a68c-d2622a67cac3;visita;
2025-12-12 11:35:01.805149+00;b2e54c01-ae91-464b-a46f-5a3ad74fe2d8;;"{""isDomainCustomizado"":true,""url"":""https://sodreia.com.br""}";;5e200087-a353-4237-a68c-d2622a67cac3;visita;
2025-12-14 22:50:40.943489+00;676ade15-0723-4401-bc7a-c594a3c88235;;"{""isDomainCustomizado"":true,""url"":""https://sodreia.com.br""}";;5e200087-a353-4237-a68c-d2622a67cac3;visita;
2025-12-16 12:36:32.316058+00;535863b9-df3e-4ade-bbd4-978dee2478c4;;"{""isDomainCustomizado"":true,""url"":""https://sodreia.com.br""}";;5e200087-a353-4237-a68c-d2622a67cac3;visita;
2025-12-17 01:07:50.952503+00;e1a09d2c-a884-4e99-a210-ce49e03e4651;;"{""isDomainCustomizado"":true,""url"":""https://psi.guilds.com.br""}";;17df36a9-2e4e-4e38-842a-9835d291a8cd;visita;
2025-12-19 12:24:29.184318+00;856b83f7-7cb8-4bcd-a821-fb77fefbe89f;;"{""isDomainCustomizado"":true,""url"":""https://sodreia.com.br""}";;5e200087-a353-4237-a68c-d2622a67cac3;visita;
2025-12-19 12:24:36.187532+00;615e0988-fb94-4408-ae84-bb9004eef780;;"{""isDomainCustomizado"":true,""url"":""https://sodreia.com.br""}";;5e200087-a353-4237-a68c-d2622a67cac3;clique_cta_hero;
2025-12-19 13:07:30.329443+00;bf816939-8d29-4b78-b876-bbc746f5f354;;"{""isDomainCustomizado"":true,""url"":""https://sodreia.com.br""}";;5e200087-a353-4237-a68c-d2622a67cac3;visita;
2025-12-19 19:09:23.777479+00;1a09ca77-144d-4e5f-992a-dc975a841a30;;"{""isDomainCustomizado"":true,""url"":""https://sodreia.com.br""}";;5e200087-a353-4237-a68c-d2622a67cac3;clique_cta_flutuante;
2025-12-19 19:33:25.320658+00;726e6fed-e14d-4569-98ff-28a096849347;;"{""isDomainCustomizado"":true,""url"":""https://sodreia.com.br""}";;5e200087-a353-4237-a68c-d2622a67cac3;visita;
2025-12-19 21:12:03.968089+00;3689cadd-c0cb-498c-b65d-5934af70ff39;;"{""isDomainCustomizado"":true,""url"":""https://sodreia.com.br""}";;5e200087-a353-4237-a68c-d2622a67cac3;clique_servico;
2025-12-19 21:59:45.898977+00;c94b66a1-9192-484d-840d-bf3677df8c28;;"{""isDomainCustomizado"":true,""url"":""https://sodreia.com.br""}";;5e200087-a353-4237-a68c-d2622a67cac3;clique_cta_flutuante;
2025-12-19 22:35:43.298101+00;f969195b-efe9-4110-8e44-2a85f16b09cf;;"{""isDomainCustomizado"":true,""url"":""https://sodreia.com.br""}";;5e200087-a353-4237-a68c-d2622a67cac3;visita;
2025-12-20 20:57:58.7713+00;41ef53d3-741f-4173-b96a-ff9d94212390;;"{""isDomainCustomizado"":true,""url"":""https://sodreia.com.br""}";;5e200087-a353-4237-a68c-d2622a67cac3;visita;
2025-12-21 04:48:48.71715+00;35b7487c-b064-4ff5-942b-b64731a7e12f;;"{""isDomainCustomizado"":true,""url"":""https://sodreia.com.br""}";;5e200087-a353-4237-a68c-d2622a67cac3;visita;
2025-12-21 08:57:49.213014+00;9c77ded3-bf5a-4595-8e77-4eca14375ccf;;"{""isDomainCustomizado"":true,""url"":""https://sodreia.com.br""}";;5e200087-a353-4237-a68c-d2622a67cac3;visita;
2025-12-21 14:03:11.26521+00;facc625a-da8c-409b-83d1-d02d6c13a08d;;"{""isDomainCustomizado"":false,""url"":""https://8aa7a0f1-b1c9-4415-8da6-f7ec2d5b0826.lovableproject.com/perfil/gustavopsiqguilds?forceHideBadge=true""}";;17df36a9-2e4e-4e38-842a-9835d291a8cd;visita;
2025-12-21 14:06:35.422806+00;6841b221-2e93-4f32-8c1c-b160e395ba15;;"{""isDomainCustomizado"":true,""url"":""https://sodreia.com.br""}";;5e200087-a353-4237-a68c-d2622a67cac3;visita;
2025-12-21 14:13:44.058977+00;6f5eabef-b405-4f1b-b287-edfcc10e97c2;;"{""isDomainCustomizado"":true,""url"":""https://sodreia.com.br""}";;5e200087-a353-4237-a68c-d2622a67cac3;visita;
2025-12-22 20:17:06.115515+00;452b4ffc-6924-468b-b39d-429bb44e558a;;"{""isDomainCustomizado"":true,""url"":""https://sodreia.com.br""}";;5e200087-a353-4237-a68c-d2622a67cac3;visita;
2025-12-22 20:24:27.86762+00;4c148cab-06b4-47d9-81a6-90c6d541a765;;"{""isDomainCustomizado"":true,""url"":""https://sodreia.com.br""}";;5e200087-a353-4237-a68c-d2622a67cac3;clique_cta_flutuante;
2025-12-23 07:31:33.023682+00;0dc22db2-e188-4ca4-8ff3-1c0f2b16997f;;"{""isDomainCustomizado"":true,""url"":""https://sodreia.com.br""}";;5e200087-a353-4237-a68c-d2622a67cac3;visita;
2025-12-23 07:31:37.55098+00;78397a8a-6d60-4e5c-9282-c1f691a33010;;"{""isDomainCustomizado"":true,""url"":""https://sodreia.com.br""}";;5e200087-a353-4237-a68c-d2622a67cac3;visita;
2025-12-23 07:32:02.060241+00;2f08953a-401e-4dcc-a4b2-b5e43632e639;;"{""isDomainCustomizado"":true,""url"":""https://sodreia.com.br""}";;5e200087-a353-4237-a68c-d2622a67cac3;visita;
2025-12-23 15:04:33.272473+00;bd0adf30-8fcf-462a-b9cc-d8b95a17af60;;"{""isDomainCustomizado"":true,""url"":""https://sodreia.com.br""}";;5e200087-a353-4237-a68c-d2622a67cac3;visita;
2025-12-23 15:04:33.356516+00;88835b65-7e7c-421c-8c15-15d01e53d014;;"{""isDomainCustomizado"":true,""url"":""https://sodreia.com.br""}";;5e200087-a353-4237-a68c-d2622a67cac3;visita;
2025-12-27 20:16:01.222588+00;bcac5770-786b-487a-b477-8b0de4142212;;"{""isDomainCustomizado"":true,""url"":""https://sodreia.com.br""}";;5e200087-a353-4237-a68c-d2622a67cac3;visita;
2025-12-27 20:43:57.752584+00;17e80f98-bd4e-49c4-ae25-d7515fa34d22;;"{""isDomainCustomizado"":true,""url"":""https://sodreia.com.br""}";;5e200087-a353-4237-a68c-d2622a67cac3;visita;
2025-12-28 14:59:10.181839+00;8b5ef486-b2b3-4a7e-b4f0-a1d16c7d6436;;"{""isDomainCustomizado"":true,""url"":""https://sodreia.com.br""}";;5e200087-a353-4237-a68c-d2622a67cac3;visita;
2025-12-28 15:02:03.623435+00;92cd4195-455d-4fbe-ac55-2a1c74068c98;;"{""isDomainCustomizado"":true,""url"":""https://sodreia.com.br""}";;5e200087-a353-4237-a68c-d2622a67cac3;visita;
2025-12-28 15:03:35.621772+00;7e7e2b7a-39f8-4a8c-8b22-aed6435dacb0;;"{""isDomainCustomizado"":true,""url"":""https://sodreia.com.br""}";;5e200087-a353-4237-a68c-d2622a67cac3;visita;
2025-12-28 15:18:20.926674+00;57e43d1d-a10c-4964-beca-4d678b155253;;"{""isDomainCustomizado"":true,""url"":""https://sodreia.com.br""}";;5e200087-a353-4237-a68c-d2622a67cac3;visita;
2025-12-28 15:18:20.938016+00;ad721643-b6cc-44f8-8e74-19aa0b8b782a;;"{""isDomainCustomizado"":true,""url"":""https://sodreia.com.br""}";;5e200087-a353-4237-a68c-d2622a67cac3;visita;
2025-12-31 06:27:35.359953+00;fbae80c8-f353-473b-b227-6a84132fc691;;"{""isDomainCustomizado"":true,""url"":""https://sodreia.com.br""}";;5e200087-a353-4237-a68c-d2622a67cac3;visita;
2026-01-01 17:24:50.320821+00;6ea2fd8f-356f-4fe1-aa18-66334b8868c6;;"{""isDomainCustomizado"":true,""url"":""https://sodreia.com.br""}";;5e200087-a353-4237-a68c-d2622a67cac3;visita;
2026-01-07 19:40:42.09604+00;c3a73e83-70cc-4878-9625-01362329a44a;;"{""isDomainCustomizado"":true,""url"":""https://psi.guilds.com.br""}";;17df36a9-2e4e-4e38-842a-9835d291a8cd;visita;
2026-01-08 15:54:48.328418+00;c9d7b458-cd2b-43c4-8a26-3c1a4c96266a;;"{""isDomainCustomizado"":true,""url"":""https://sodreia.com.br""}";;5e200087-a353-4237-a68c-d2622a67cac3;visita;
2026-01-08 16:09:30.433077+00;de8f3d62-71fd-4c67-bba5-f51cd524b7b6;;"{""isDomainCustomizado"":true,""url"":""https://sodreia.com.br""}";;5e200087-a353-4237-a68c-d2622a67cac3;visita;
2026-01-08 16:09:58.14688+00;d99462ac-2b48-43ac-a5be-dfd8300043b6;;"{""isDomainCustomizado"":true,""url"":""https://sodreia.com.br""}";;5e200087-a353-4237-a68c-d2622a67cac3;clique_servico;
2026-01-08 16:10:00.613068+00;313bc8c2-ad01-49be-bb88-e65b65b9549f;;"{""isDomainCustomizado"":true,""url"":""https://sodreia.com.br""}";;5e200087-a353-4237-a68c-d2622a67cac3;clique_servico;
2026-01-09 11:32:25.529047+00;330da8b4-b008-4deb-85d9-2fc4bd4107db;;"{""isDomainCustomizado"":true,""url"":""https://sodreia.com.br""}";;5e200087-a353-4237-a68c-d2622a67cac3;visita;
2026-01-12 08:13:11.29931+00;a965106b-0552-4706-8b0c-2c4d66b7b4ef;;"{""isDomainCustomizado"":true,""url"":""https://sodreia.com.br""}";;5e200087-a353-4237-a68c-d2622a67cac3;visita;
2026-01-16 20:24:48.64697+00;f36a7d34-940f-4e8d-b8c3-19a078d122f2;;"{""isDomainCustomizado"":true,""url"":""https://sodreia.com.br""}";;5e200087-a353-4237-a68c-d2622a67cac3;visita;
2026-01-16 20:27:05.837773+00;e1c921dd-f612-47fd-a7ff-1cbf86838219;;"{""isDomainCustomizado"":true,""url"":""https://sodreia.com.br""}";;5e200087-a353-4237-a68c-d2622a67cac3;visita;
2026-01-16 20:27:42.936229+00;c083cdad-5a6f-4085-9467-a23f1436b137;;"{""isDomainCustomizado"":true,""url"":""https://sodreia.com.br""}";;5e200087-a353-4237-a68c-d2622a67cac3;clique_cta_flutuante;
2026-01-16 20:29:42.488957+00;a7d994e3-581d-408e-9a53-122b96c53317;;"{""isDomainCustomizado"":true,""url"":""https://sodreia.com.br""}";;5e200087-a353-4237-a68c-d2622a67cac3;visita;
2026-01-17 09:30:44.606056+00;575cadba-50d3-4b38-aac9-b3cf475679e7;;"{""isDomainCustomizado"":true,""url"":""https://sodreia.com.br""}";;5e200087-a353-4237-a68c-d2622a67cac3;visita;
2026-01-17 09:30:44.646945+00;c3e8733e-b541-47fd-9dfe-831de2c4d730;;"{""isDomainCustomizado"":true,""url"":""https://sodreia.com.br""}";;5e200087-a353-4237-a68c-d2622a67cac3;visita;
2026-01-20 20:25:26.977389+00;bef85aad-7e97-4984-aa96-3e250727da50;;"{""isDomainCustomizado"":true,""url"":""https://psi.guilds.com.br""}";;17df36a9-2e4e-4e38-842a-9835d291a8cd;visita;
2026-01-20 20:25:33.317988+00;dd16521e-5e58-4aee-88cd-3437ada03b7f;;"{""isDomainCustomizado"":true,""url"":""https://psi.guilds.com.br""}";;17df36a9-2e4e-4e38-842a-9835d291a8cd;visita;
2026-01-20 20:28:03.756874+00;f7e6ac48-c6fc-4db2-8571-50faf02d626d;;"{""isDomainCustomizado"":true,""url"":""https://psi.guilds.com.br""}";;17df36a9-2e4e-4e38-842a-9835d291a8cd;visita;
2026-01-22 05:01:20.781441+00;b8565e3b-8e31-4e25-a310-e0d8acd93c5c;;"{""isDomainCustomizado"":true,""url"":""https://sodreia.com.br""}";;5e200087-a353-4237-a68c-d2622a67cac3;visita;
2026-01-22 06:01:35.73872+00;ba41635c-80c2-43c1-82df-0ba54f439f87;;"{""isDomainCustomizado"":true,""url"":""https://sodreia.com.br""}";;5e200087-a353-4237-a68c-d2622a67cac3;visita;
2026-01-22 06:01:45.016213+00;089a1c7d-b9a2-49e6-866b-77166f8080e7;;"{""isDomainCustomizado"":true,""url"":""https://sodreia.com.br""}";;5e200087-a353-4237-a68c-d2622a67cac3;visita;
2026-01-22 06:05:30.361832+00;06026d70-63fe-4528-a008-1a07cbb11785;;"{""isDomainCustomizado"":true,""url"":""https://sodreia.com.br""}";;5e200087-a353-4237-a68c-d2622a67cac3;visita;
2026-01-22 06:27:41.421564+00;ed938c05-50a0-4664-b8eb-d8883c241e1e;;"{""isDomainCustomizado"":true,""url"":""https://sodreia.com.br""}";;5e200087-a353-4237-a68c-d2622a67cac3;visita;
2026-01-22 07:43:18.612345+00;a3bbea74-d975-4b6c-94b7-468ba7c8c6fc;;"{""isDomainCustomizado"":true,""url"":""https://sodreia.com.br""}";;5e200087-a353-4237-a68c-d2622a67cac3;visita;
2026-01-22 07:59:56.515541+00;bd4ba24d-8e7c-4227-88e1-d64bbb88321d;;"{""isDomainCustomizado"":true,""url"":""https://sodreia.com.br""}";;5e200087-a353-4237-a68c-d2622a67cac3;visita;
2026-01-22 12:56:47.201099+00;76c366d3-f0aa-4c08-ac12-c6f6f08b49d7;;"{""isDomainCustomizado"":true,""url"":""https://sodreia.com.br""}";;5e200087-a353-4237-a68c-d2622a67cac3;visita;
2026-01-22 19:14:14.171061+00;55e2a2ca-8494-4365-b044-b97c865f0f61;;"{""isDomainCustomizado"":true,""url"":""https://sodreia.com.br""}";;5e200087-a353-4237-a68c-d2622a67cac3;visita;
2026-01-22 19:14:25.473721+00;6a6f980a-3728-42a8-bae7-c7763488d815;;"{""isDomainCustomizado"":true,""url"":""https://sodreia.com.br""}";;5e200087-a353-4237-a68c-d2622a67cac3;visita;
2026-01-22 19:17:56.755246+00;860a2087-0861-4b23-9680-4f37ccec0a25;;"{""isDomainCustomizado"":true,""url"":""https://psi.guilds.com.br""}";;17df36a9-2e4e-4e38-842a-9835d291a8cd;visita;
2026-01-22 22:40:07.736091+00;9e9ab37e-86e5-4018-a54d-d15b58db0822;;"{""isDomainCustomizado"":true,""url"":""https://sodreia.com.br""}";;5e200087-a353-4237-a68c-d2622a67cac3;visita;
2026-01-23 13:46:45.165527+00;2b843404-2533-48e4-b015-a368316e7dc7;;"{""isDomainCustomizado"":true,""url"":""https://sodreia.com.br""}";;5e200087-a353-4237-a68c-d2622a67cac3;visita;
2026-01-23 14:03:44.762866+00;63406258-dc95-47ef-82d5-ec68c7c16972;;"{""isDomainCustomizado"":true,""url"":""https://sodreia.com.br""}";;5e200087-a353-4237-a68c-d2622a67cac3;visita;
2026-01-23 14:03:44.919898+00;fb83ed11-d868-4871-978d-319a7fbe57f9;;"{""isDomainCustomizado"":true,""url"":""https://sodreia.com.br""}";;5e200087-a353-4237-a68c-d2622a67cac3;visita;
2026-01-23 14:03:45.225036+00;e8c54746-7471-4423-9a99-5ac472c71db5;;"{""isDomainCustomizado"":true,""url"":""https://sodreia.com.br""}";;5e200087-a353-4237-a68c-d2622a67cac3;visita;
2026-01-23 14:03:54.264715+00;9906886f-f9b1-47ff-81a1-62708b839479;;"{""isDomainCustomizado"":true,""url"":""https://sodreia.com.br""}";;5e200087-a353-4237-a68c-d2622a67cac3;visita;
2026-01-23 14:04:27.824602+00;a12a52d7-da72-4d39-92f6-c95aac6dda6e;;"{""isDomainCustomizado"":true,""url"":""https://sodreia.com.br""}";;5e200087-a353-4237-a68c-d2622a67cac3;visita;
2026-01-23 14:05:01.919055+00;42ee960d-199a-4952-b3e4-f63e7d2349e9;;"{""isDomainCustomizado"":true,""url"":""https://sodreia.com.br""}";;5e200087-a353-4237-a68c-d2622a67cac3;visita;
2026-01-23 14:05:39.634712+00;ecf90d3f-05c2-4a5a-936e-4f89133a554d;;"{""isDomainCustomizado"":true,""url"":""https://sodreia.com.br""}";;5e200087-a353-4237-a68c-d2622a67cac3;visita;
2026-01-23 14:05:51.62623+00;90d5922f-5620-4299-a77d-615bf9cd2e12;;"{""isDomainCustomizado"":true,""url"":""https://sodreia.com.br""}";;5e200087-a353-4237-a68c-d2622a67cac3;visita;
2026-01-23 14:58:31.600216+00;79eeac0e-33b2-4873-9cd2-f0332697ad44;;"{""isDomainCustomizado"":true,""url"":""https://sodreia.com.br""}";;5e200087-a353-4237-a68c-d2622a67cac3;visita;
2026-01-23 16:49:51.575118+00;db2195ce-082c-4469-9871-5b667e914752;;"{""isDomainCustomizado"":true,""url"":""https://sodreia.com.br""}";;5e200087-a353-4237-a68c-d2622a67cac3;visita;
2026-01-23 17:56:52.968687+00;9d52151a-4968-474b-abd2-984a24e23bdf;;"{""isDomainCustomizado"":true,""url"":""https://sodreia.com.br""}";;5e200087-a353-4237-a68c-d2622a67cac3;visita;
2026-01-23 18:13:47.045245+00;a30fc82e-48e5-4d05-9a3c-ac713404d97a;;"{""isDomainCustomizado"":true,""url"":""https://sodreia.com.br""}";;5e200087-a353-4237-a68c-d2622a67cac3;visita;
2026-01-23 18:19:12.214336+00;bbec263b-94e7-4e01-b382-e4332bba2009;;"{""isDomainCustomizado"":true,""url"":""https://sodreia.com.br""}";;5e200087-a353-4237-a68c-d2622a67cac3;visita;
2026-01-23 18:48:48.782467+00;496032d5-d95e-47c5-9fa0-0512a9748ff1;;"{""isDomainCustomizado"":true,""url"":""https://sodreia.com.br""}";;5e200087-a353-4237-a68c-d2622a67cac3;visita;
2026-01-23 18:49:03.130506+00;fd06eaf4-655a-4a40-8857-df95b8986950;;"{""isDomainCustomizado"":true,""url"":""https://sodreia.com.br""}";;5e200087-a353-4237-a68c-d2622a67cac3;visita;
2026-01-23 19:07:26.486955+00;9e5d24ab-6599-4122-9113-ca0be4a242d8;;"{""isDomainCustomizado"":true,""url"":""https://sodreia.com.br""}";;5e200087-a353-4237-a68c-d2622a67cac3;visita;
2026-01-23 19:20:08.852694+00;e069bb75-602f-40b9-9055-c03986c89c2e;;"{""isDomainCustomizado"":true,""url"":""https://sodreia.com.br""}";;5e200087-a353-4237-a68c-d2622a67cac3;visita;
2026-01-23 19:21:57.591003+00;dbeb8c63-085a-4bec-bf56-c7b8cb1e373e;;"{""isDomainCustomizado"":true,""url"":""https://sodreia.com.br""}";;5e200087-a353-4237-a68c-d2622a67cac3;visita;
2026-01-23 20:04:50.482805+00;1d6425f1-3a4e-4966-9fb8-b9bf71e9c239;;"{""isDomainCustomizado"":true,""url"":""https://sodreia.com.br""}";;5e200087-a353-4237-a68c-d2622a67cac3;visita;
2026-01-23 20:20:43.204839+00;9e1d380c-20ab-463f-b565-52b7cc34d038;;"{""isDomainCustomizado"":true,""url"":""https://sodreia.com.br""}";;5e200087-a353-4237-a68c-d2622a67cac3;visita;
2026-01-23 20:41:22.976986+00;2ccc7cad-676d-4e95-bbdc-3dd94babe2d2;;"{""isDomainCustomizado"":true,""url"":""https://sodreia.com.br""}";;5e200087-a353-4237-a68c-d2622a67cac3;visita;
2026-01-23 21:43:31.958602+00;cf3a955d-dc83-4765-9788-4398a24d1838;;"{""isDomainCustomizado"":true,""url"":""https://sodreia.com.br""}";;5e200087-a353-4237-a68c-d2622a67cac3;visita;
2026-01-23 22:36:56.719033+00;bee4051a-b216-4f41-b6d0-0007f5e7b6d6;;"{""isDomainCustomizado"":true,""url"":""https://sodreia.com.br""}";;5e200087-a353-4237-a68c-d2622a67cac3;visita;
2026-01-23 23:05:53.215301+00;4d09838c-2d0e-44b1-b2b4-d50b56a8f86d;;"{""isDomainCustomizado"":true,""url"":""https://sodreia.com.br""}";;5e200087-a353-4237-a68c-d2622a67cac3;visita;
2026-01-24 00:03:10.749602+00;b6826ce5-fd84-4c46-a59b-144140de43b7;;"{""isDomainCustomizado"":true,""url"":""https://sodreia.com.br""}";;5e200087-a353-4237-a68c-d2622a67cac3;visita;
2026-01-24 00:03:45.362877+00;22702d4c-2494-4b54-b8c7-3a83d2bd5106;;"{""isDomainCustomizado"":true,""url"":""https://sodreia.com.br""}";;5e200087-a353-4237-a68c-d2622a67cac3;clique_cta_flutuante;
2026-01-24 00:21:34.504151+00;e9bd4663-20fb-4743-b6ea-a750312d2707;;"{""isDomainCustomizado"":true,""url"":""https://sodreia.com.br""}";;5e200087-a353-4237-a68c-d2622a67cac3;visita;
2026-01-24 01:33:00.243147+00;a2319696-bc69-4fb5-ad85-64e3a94b9f83;;"{""isDomainCustomizado"":true,""url"":""https://sodreia.com.br""}";;5e200087-a353-4237-a68c-d2622a67cac3;visita;
2026-01-24 01:54:32.039035+00;4aca21c4-4777-4a01-95fe-5c907d39c58d;;"{""isDomainCustomizado"":true,""url"":""https://sodreia.com.br""}";;5e200087-a353-4237-a68c-d2622a67cac3;visita;
2026-01-24 03:27:37.231334+00;1ba16f7a-5861-4144-acfa-546eca694be7;;"{""isDomainCustomizado"":true,""url"":""https://sodreia.com.br""}";;5e200087-a353-4237-a68c-d2622a67cac3;visita;
2026-01-24 04:52:21.058436+00;acbf7186-117f-49bc-afac-ef59495aa4f8;;"{""isDomainCustomizado"":true,""url"":""https://sodreia.com.br""}";;5e200087-a353-4237-a68c-d2622a67cac3;visita;
2026-01-24 06:47:25.890114+00;f875a4c5-c61e-405e-8ed7-2a124e14f474;;"{""isDomainCustomizado"":true,""url"":""https://sodreia.com.br""}";;5e200087-a353-4237-a68c-d2622a67cac3;visita;
2026-01-24 08:01:12.611203+00;e8d7e112-3e10-4bbd-a5b5-9d1e95bc50f1;;"{""isDomainCustomizado"":true,""url"":""https://sodreia.com.br""}";;5e200087-a353-4237-a68c-d2622a67cac3;visita;
2026-01-24 08:08:12.732195+00;7aef6a3a-8b3f-4ff6-a206-6dc52e6545fd;;"{""isDomainCustomizado"":true,""url"":""https://sodreia.com.br""}";;5e200087-a353-4237-a68c-d2622a67cac3;visita;
2026-01-24 08:58:41.023916+00;56c8114e-bf44-4d31-be68-8810c2da7108;;"{""isDomainCustomizado"":true,""url"":""https://sodreia.com.br""}";;5e200087-a353-4237-a68c-d2622a67cac3;visita;
2026-01-24 10:21:48.227828+00;b62390c3-19f5-4127-af43-2829ec8716d1;;"{""isDomainCustomizado"":true,""url"":""https://sodreia.com.br""}";;5e200087-a353-4237-a68c-d2622a67cac3;visita;
2026-01-24 10:57:28.517916+00;97e9abd3-48f8-41c4-9051-63cb67d24f17;;"{""isDomainCustomizado"":true,""url"":""https://sodreia.com.br""}";;5e200087-a353-4237-a68c-d2622a67cac3;visita;
2026-01-24 13:13:45.285221+00;c8329767-5014-4e5b-be2d-fb3937beef47;;"{""isDomainCustomizado"":true,""url"":""https://sodreia.com.br""}";;5e200087-a353-4237-a68c-d2622a67cac3;visita;
2026-01-24 15:27:16.766187+00;24f2bdf1-ab3d-40e7-aba1-03f28fd858d7;;"{""isDomainCustomizado"":true,""url"":""https://sodreia.com.br""}";;5e200087-a353-4237-a68c-d2622a67cac3;visita;
2026-01-24 15:51:30.346737+00;4fa55319-4268-44f3-abbc-551767c1cad3;;"{""isDomainCustomizado"":true,""url"":""https://sodreia.com.br""}";;5e200087-a353-4237-a68c-d2622a67cac3;visita;
2026-01-24 16:13:26.444363+00;e6f181f4-0cf1-4a37-8132-679985ee9149;;"{""isDomainCustomizado"":true,""url"":""https://sodreia.com.br""}";;5e200087-a353-4237-a68c-d2622a67cac3;visita;
2026-01-24 16:34:52.207732+00;9f2d6816-d962-4200-bd53-4cf19d07a6ab;;"{""isDomainCustomizado"":true,""url"":""https://sodreia.com.br""}";;5e200087-a353-4237-a68c-d2622a67cac3;visita;
2026-01-24 16:34:52.326809+00;5cd6b11c-0220-44df-942c-f8ec05125c1d;;"{""isDomainCustomizado"":true,""url"":""https://sodreia.com.br""}";;5e200087-a353-4237-a68c-d2622a67cac3;visita;
2026-01-24 16:34:53.222215+00;e7e64e26-956b-4c9e-9e80-56ee8c58daf7;;"{""isDomainCustomizado"":true,""url"":""https://sodreia.com.br""}";;5e200087-a353-4237-a68c-d2622a67cac3;visita;
2026-01-24 16:34:54.09196+00;74ac8758-37a9-4ede-b927-46ccf8b64abe;;"{""isDomainCustomizado"":true,""url"":""https://sodreia.com.br""}";;5e200087-a353-4237-a68c-d2622a67cac3;visita;
2026-01-24 16:35:15.143608+00;e0c12b81-82ca-4124-b48e-7df4627d45d1;;"{""isDomainCustomizado"":true,""url"":""https://sodreia.com.br""}";;5e200087-a353-4237-a68c-d2622a67cac3;visita;
2026-01-24 16:35:16.677564+00;ff3ff454-3e73-4352-98d0-dabc0f115d1b;;"{""isDomainCustomizado"":true,""url"":""https://sodreia.com.br""}";;5e200087-a353-4237-a68c-d2622a67cac3;visita;
2026-01-24 16:35:18.52093+00;36fc7c5f-5704-4a27-89c3-6b2376472784;;"{""isDomainCustomizado"":true,""url"":""https://sodreia.com.br""}";;5e200087-a353-4237-a68c-d2622a67cac3;visita;
2026-01-24 16:35:29.042349+00;ba81c33b-9537-4941-a41f-26a930f15e17;;"{""isDomainCustomizado"":true,""url"":""https://sodreia.com.br""}";;5e200087-a353-4237-a68c-d2622a67cac3;visita;
2026-01-24 16:35:31.196557+00;6236c8d7-4164-4daa-be8e-42ef5cc77ac9;;"{""isDomainCustomizado"":true,""url"":""https://sodreia.com.br""}";;5e200087-a353-4237-a68c-d2622a67cac3;visita;
2026-01-24 17:08:42.886066+00;17db11dd-0ffa-452a-ac02-b3f1a2493dd0;;"{""isDomainCustomizado"":true,""url"":""https://sodreia.com.br""}";;5e200087-a353-4237-a68c-d2622a67cac3;visita;
2026-01-24 17:27:39.12486+00;9870569d-27be-4308-8f5d-3c8d8afe16a5;;"{""isDomainCustomizado"":true,""url"":""https://sodreia.com.br""}";;5e200087-a353-4237-a68c-d2622a67cac3;visita;
2026-01-24 19:00:46.183467+00;b6b16461-9a30-43be-ad99-9f51e09e4fbc;;"{""isDomainCustomizado"":true,""url"":""https://sodreia.com.br""}";;5e200087-a353-4237-a68c-d2622a67cac3;visita;
2026-01-24 20:08:51.644629+00;2fb4e289-f203-45e5-9ab7-448f145a2371;;"{""isDomainCustomizado"":true,""url"":""https://sodreia.com.br""}";;5e200087-a353-4237-a68c-d2622a67cac3;visita;
2026-01-24 20:21:25.006639+00;84e480fc-535f-424a-887c-218a92df72b2;;"{""isDomainCustomizado"":true,""url"":""https://sodreia.com.br""}";;5e200087-a353-4237-a68c-d2622a67cac3;visita;
2026-01-24 20:22:37.803919+00;3bcb4f1b-52a2-46fb-bc69-ea1aaa843e24;;"{""isDomainCustomizado"":true,""url"":""https://sodreia.com.br""}";;5e200087-a353-4237-a68c-d2622a67cac3;visita;
2026-01-24 20:27:24.311689+00;acb57506-7e00-4da2-991d-fdab3e01b99d;;"{""isDomainCustomizado"":true,""url"":""https://sodreia.com.br""}";;5e200087-a353-4237-a68c-d2622a67cac3;visita;
2026-01-25 15:33:03.537224+00;2d34246c-2aa4-49e9-8ef5-4bd333b348db;;"{""isDomainCustomizado"":true,""url"":""https://sodreia.com.br""}";;5e200087-a353-4237-a68c-d2622a67cac3;visita;
2026-01-26 19:52:20.232766+00;fe97e2a6-ded8-4ac3-817c-187282e694e1;;"{""isDomainCustomizado"":true,""url"":""https://sodreia.com.br""}";;5e200087-a353-4237-a68c-d2622a67cac3;visita;
2026-01-26 19:53:07.765761+00;7636e195-5918-4e90-9124-1e874cc655fd;;"{""isDomainCustomizado"":true,""url"":""https://sodreia.com.br""}";;5e200087-a353-4237-a68c-d2622a67cac3;visita;
2026-01-27 01:59:31.483056+00;e0a64357-dd8c-46d1-b775-2b744c55a598;;"{""isDomainCustomizado"":true,""url"":""https://sodreia.com.br""}";;5e200087-a353-4237-a68c-d2622a67cac3;visita;
2026-01-27 01:59:59.201516+00;09b18eec-1048-47de-bcfc-6783771c5fb2;;"{""isDomainCustomizado"":true,""url"":""https://sodreia.com.br""}";;5e200087-a353-4237-a68c-d2622a67cac3;visita;
2026-01-27 02:54:23.54469+00;518ae360-7bdc-4ce8-a129-6967b3c6af25;;"{""isDomainCustomizado"":true,""url"":""https://sodreia.com.br""}";;5e200087-a353-4237-a68c-d2622a67cac3;visita;
2026-01-27 05:44:35.812685+00;b22e6655-077c-4e52-9919-7a2bb78eb45b;;"{""isDomainCustomizado"":true,""url"":""https://sodreia.com.br""}";;5e200087-a353-4237-a68c-d2622a67cac3;visita;
2026-01-27 19:14:40.789148+00;01a81d30-993c-4884-b33e-280f2f1c306a;;"{""isDomainCustomizado"":true,""url"":""https://sodreia.com.br""}";;5e200087-a353-4237-a68c-d2622a67cac3;visita;
2026-01-27 19:43:52.642633+00;b1e3c442-efdc-44cc-b231-c1fe30a61ebe;;"{""isDomainCustomizado"":true,""url"":""https://sodreia.com.br""}";;5e200087-a353-4237-a68c-d2622a67cac3;visita;
2026-01-27 20:04:40.954473+00;c064cce9-a4fa-4cc8-a620-d01c1690316f;;"{""isDomainCustomizado"":true,""url"":""https://sodreia.com.br""}";;5e200087-a353-4237-a68c-d2622a67cac3;visita;
2026-01-27 21:55:24.304474+00;95a62f23-c43b-431b-87a2-2a9f1c5e6bb8;;"{""isDomainCustomizado"":true,""url"":""https://sodreia.com.br""}";;5e200087-a353-4237-a68c-d2622a67cac3;visita;
2026-01-27 21:56:05.807207+00;2e545b05-e706-45a2-9159-656dd3fc886c;;"{""isDomainCustomizado"":true,""url"":""https://sodreia.com.br""}";;5e200087-a353-4237-a68c-d2622a67cac3;visita;
2026-01-28 01:32:31.212272+00;3643f079-5f47-46ad-97c3-226091c3cfe0;;"{""isDomainCustomizado"":true,""url"":""https://sodreia.com.br""}";;5e200087-a353-4237-a68c-d2622a67cac3;visita;
2026-01-28 02:04:34.244974+00;44e4691e-732b-4a84-85b8-fe13bf6fe70e;;"{""isDomainCustomizado"":true,""url"":""https://sodreia.com.br""}";;5e200087-a353-4237-a68c-d2622a67cac3;visita;
2026-01-28 14:43:05.299444+00;196536bb-f636-4859-930f-b54d900223b0;;"{""isDomainCustomizado"":true,""url"":""https://sodreia.com.br""}";;5e200087-a353-4237-a68c-d2622a67cac3;visita;
2026-01-29 10:34:16.942649+00;ecd65c91-3b20-41ea-af7d-aac252a6b2ac;;"{""isDomainCustomizado"":true,""url"":""https://sodreia.com.br""}";;5e200087-a353-4237-a68c-d2622a67cac3;visita;
2026-01-29 17:38:58.849606+00;8294cc9c-742c-43c1-9a02-b05016ded060;;"{""isDomainCustomizado"":true,""url"":""https://sodreia.com.br""}";;5e200087-a353-4237-a68c-d2622a67cac3;visita;
2026-01-29 20:06:25.818903+00;a5be76a1-f396-4b29-8ae7-90ee54e0341c;;"{""isDomainCustomizado"":true,""url"":""https://sodreia.com.br""}";;5e200087-a353-4237-a68c-d2622a67cac3;clique_cta_flutuante;
2026-02-01 22:06:33.757239+00;bfd4d1eb-e77d-44a3-b88d-afa8eb8a9265;;"{""isDomainCustomizado"":true,""url"":""https://psi.guilds.com.br""}";;17df36a9-2e4e-4e38-842a-9835d291a8cd;visita;
2026-02-01 22:06:46.546519+00;eb7c52c4-df74-4d2d-b195-cede3f3a5ed1;;"{""isDomainCustomizado"":true,""url"":""https://psi.guilds.com.br""}";;17df36a9-2e4e-4e38-842a-9835d291a8cd;visita;
2026-02-01 22:09:14.008706+00;0167844f-d48a-435f-b889-0ac52f0d50c8;;"{""isDomainCustomizado"":true,""url"":""https://psi.guilds.com.br""}";;17df36a9-2e4e-4e38-842a-9835d291a8cd;visita;
2026-02-05 13:40:29.256465+00;2fd6968e-4374-437f-8f83-7c9000c17ef0;;"{""isDomainCustomizado"":true,""url"":""https://sodreia.com.br""}";;5e200087-a353-4237-a68c-d2622a67cac3;visita;
2026-02-05 13:47:00.184433+00;e833bc4c-c36f-4ea6-9930-85d8a0936c85;;"{""isDomainCustomizado"":true,""url"":""https://sodreia.com.br""}";;5e200087-a353-4237-a68c-d2622a67cac3;visita;
2026-02-05 13:47:11.525698+00;56a592ab-caf8-4d84-905e-ce57cee14126;;"{""isDomainCustomizado"":true,""url"":""https://sodreia.com.br""}";;5e200087-a353-4237-a68c-d2622a67cac3;clique_cta_hero;
2026-02-05 13:48:16.155134+00;e867d42e-94d6-4fc4-b147-c263fa02f27f;;"{""isDomainCustomizado"":true,""url"":""https://sodreia.com.br""}";;5e200087-a353-4237-a68c-d2622a67cac3;clique_servico;
2026-02-05 13:48:18.959237+00;c72bcadc-7d62-414b-ac11-641f857e775d;;"{""isDomainCustomizado"":true,""url"":""https://sodreia.com.br""}";;5e200087-a353-4237-a68c-d2622a67cac3;clique_servico;
2026-02-05 13:48:21.834238+00;b85bb089-b503-49af-a404-f60a4bfc8a8b;;"{""isDomainCustomizado"":true,""url"":""https://sodreia.com.br""}";;5e200087-a353-4237-a68c-d2622a67cac3;clique_servico;
2026-02-05 13:48:23.735748+00;d3b98bd8-0d50-4ef6-b9cb-35861cf48a72;;"{""isDomainCustomizado"":true,""url"":""https://sodreia.com.br""}";;5e200087-a353-4237-a68c-d2622a67cac3;clique_servico;
2026-02-05 13:48:24.072629+00;af016ddb-f0b6-40ff-91ae-923d5a8819f7;;"{""isDomainCustomizado"":true,""url"":""https://sodreia.com.br""}";;5e200087-a353-4237-a68c-d2622a67cac3;clique_servico;
2026-02-05 13:48:24.231804+00;43a6a41f-e34c-4319-acb9-b8ef3eb21699;;"{""isDomainCustomizado"":true,""url"":""https://sodreia.com.br""}";;5e200087-a353-4237-a68c-d2622a67cac3;clique_servico;
2026-02-05 13:48:25.047863+00;eb0ea43c-ef4e-485d-92e9-7b3894739447;;"{""isDomainCustomizado"":true,""url"":""https://sodreia.com.br""}";;5e200087-a353-4237-a68c-d2622a67cac3;clique_servico;
2026-02-05 13:48:27.679951+00;1a2045dc-27a4-424d-a6d7-1c6a4fb17dcb;;"{""isDomainCustomizado"":true,""url"":""https://sodreia.com.br""}";;5e200087-a353-4237-a68c-d2622a67cac3;clique_servico;
2026-02-05 13:49:04.228184+00;69600c96-9422-4d4e-8158-28673ac76961;;"{""isDomainCustomizado"":true,""url"":""https://sodreia.com.br""}";;5e200087-a353-4237-a68c-d2622a67cac3;clique_cta_flutuante;
2026-02-05 13:49:13.235701+00;623ad9c5-e6f9-4ccf-83a5-44a47e9e5cd6;;"{""isDomainCustomizado"":true,""url"":""https://sodreia.com.br""}";;5e200087-a353-4237-a68c-d2622a67cac3;clique_cta_hero;
2026-02-05 13:49:18.1609+00;8cd19332-97a5-4ad6-9ed6-09b54e6789e5;;"{""isDomainCustomizado"":true,""url"":""https://sodreia.com.br""}";;5e200087-a353-4237-a68c-d2622a67cac3;clique_cta_hero;
2026-02-05 20:51:53.830786+00;8caaf715-5891-4682-9578-e20f44db99be;;"{""isDomainCustomizado"":true,""url"":""https://sodreia.com.br""}";;5e200087-a353-4237-a68c-d2622a67cac3;visita;
2026-02-05 20:51:58.460815+00;b95544d1-6aca-4105-8602-eba3b763a931;;"{""isDomainCustomizado"":true,""url"":""https://sodreia.com.br""}";;5e200087-a353-4237-a68c-d2622a67cac3;clique_cta_hero;
2026-02-05 20:55:06.293673+00;11e555dc-a3fa-42b5-b4e8-bf8b39419006;;"{""isDomainCustomizado"":false,""url"":""https://psicosystem.guilds.com.br/perfil/sodreia""}";;5e200087-a353-4237-a68c-d2622a67cac3;visita;
2026-02-05 20:55:07.71346+00;f0b77a2d-8c44-4e2a-9abb-cbe4a49d425f;;"{""isDomainCustomizado"":false,""url"":""https://psicosystem.guilds.com.br/perfil/sodreia""}";;5e200087-a353-4237-a68c-d2622a67cac3;clique_cta_hero;
2026-02-05 21:06:36.32163+00;18ed12b6-2778-44c7-94d5-815a06cd980e;;"{""isDomainCustomizado"":true,""url"":""https://sodreia.com.br""}";;5e200087-a353-4237-a68c-d2622a67cac3;visita;
2026-02-05 21:06:59.92559+00;1e246ef1-7c46-486a-a323-bbdd9464c287;;"{""isDomainCustomizado"":true,""url"":""https://sodreia.com.br""}";;5e200087-a353-4237-a68c-d2622a67cac3;clique_servico;
2026-02-05 21:09:07.587371+00;913492c1-9136-46d7-9604-31da92e53320;;"{""isDomainCustomizado"":true,""url"":""https://sodreia.com.br""}";;5e200087-a353-4237-a68c-d2622a67cac3;clique_servico;
2026-02-05 21:09:24.401888+00;b5dd6efc-aca7-4f78-b63e-1a27143d5ea6;;"{""isDomainCustomizado"":true,""url"":""https://sodreia.com.br""}";;5e200087-a353-4237-a68c-d2622a67cac3;clique_servico;
2026-02-05 21:09:26.180101+00;a26c812f-55fc-4ba5-9893-1afec09ae46f;;"{""isDomainCustomizado"":true,""url"":""https://sodreia.com.br""}";;5e200087-a353-4237-a68c-d2622a67cac3;clique_servico;
2026-02-05 21:09:26.283716+00;44d37a57-8677-41a4-ae84-577110eae427;;"{""isDomainCustomizado"":true,""url"":""https://sodreia.com.br""}";;5e200087-a353-4237-a68c-d2622a67cac3;clique_servico;
2026-02-05 21:09:26.429123+00;b0896556-3068-4a23-af2e-390b968aef87;;"{""isDomainCustomizado"":true,""url"":""https://sodreia.com.br""}";;5e200087-a353-4237-a68c-d2622a67cac3;clique_servico;
2026-02-05 21:09:26.571718+00;fd023cbc-9750-4de2-a2da-14b55c7cdb00;;"{""isDomainCustomizado"":true,""url"":""https://sodreia.com.br""}";;5e200087-a353-4237-a68c-d2622a67cac3;clique_servico;
2026-02-05 21:09:26.723001+00;0c174839-e9cc-4557-ae56-0cc3be1a7f21;;"{""isDomainCustomizado"":true,""url"":""https://sodreia.com.br""}";;5e200087-a353-4237-a68c-d2622a67cac3;clique_servico;
2026-02-05 21:09:27.357768+00;4e51a7fa-237d-41f2-a325-2223678b7024;;"{""isDomainCustomizado"":true,""url"":""https://sodreia.com.br""}";;5e200087-a353-4237-a68c-d2622a67cac3;clique_servico;
2026-02-05 21:09:27.530656+00;0eea37c3-c07b-467d-b838-3945cec0829f;;"{""isDomainCustomizado"":true,""url"":""https://sodreia.com.br""}";;5e200087-a353-4237-a68c-d2622a67cac3;clique_servico;
2026-02-05 21:09:27.660216+00;4079de22-8619-454b-800e-a774ce267bdb;;"{""isDomainCustomizado"":true,""url"":""https://sodreia.com.br""}";;5e200087-a353-4237-a68c-d2622a67cac3;clique_servico;
2026-02-05 21:09:27.822447+00;adb0690d-f522-4161-a2f2-e967ccdbeae5;;"{""isDomainCustomizado"":true,""url"":""https://sodreia.com.br""}";;5e200087-a353-4237-a68c-d2622a67cac3;clique_servico;
2026-02-05 21:09:28.003154+00;5109a072-bfc3-4422-b5eb-b70e11f75410;;"{""isDomainCustomizado"":true,""url"":""https://sodreia.com.br""}";;5e200087-a353-4237-a68c-d2622a67cac3;clique_servico;
2026-02-05 21:09:28.611046+00;60a26fae-ca28-413e-ac90-f8234aaeae8e;;"{""isDomainCustomizado"":true,""url"":""https://sodreia.com.br""}";;5e200087-a353-4237-a68c-d2622a67cac3;clique_servico;
2026-02-05 21:09:28.79978+00;124cf0d0-b54b-4525-b4f6-3d67195adf07;;"{""isDomainCustomizado"":true,""url"":""https://sodreia.com.br""}";;5e200087-a353-4237-a68c-d2622a67cac3;clique_servico;
2026-02-05 21:09:28.91827+00;4ff921db-08bc-484e-bbaf-5781f337556b;;"{""isDomainCustomizado"":true,""url"":""https://sodreia.com.br""}";;5e200087-a353-4237-a68c-d2622a67cac3;clique_servico;
2026-02-05 21:09:29.064932+00;748ea991-2dc0-46d8-a7ea-95acb73d696b;;"{""isDomainCustomizado"":true,""url"":""https://sodreia.com.br""}";;5e200087-a353-4237-a68c-d2622a67cac3;clique_servico;
2026-02-05 21:09:29.232694+00;fefd5a91-fb74-4841-9f92-74ba85801e9b;;"{""isDomainCustomizado"":true,""url"":""https://sodreia.com.br""}";;5e200087-a353-4237-a68c-d2622a67cac3;clique_servico;
2026-02-05 21:09:29.389958+00;07fb439a-e51a-47ed-8be3-ad2ffd66294f;;"{""isDomainCustomizado"":true,""url"":""https://sodreia.com.br""}";;5e200087-a353-4237-a68c-d2622a67cac3;clique_servico;
2026-02-05 21:09:29.529735+00;87a3cf54-19df-4c25-b09f-afa75e29ea25;;"{""isDomainCustomizado"":true,""url"":""https://sodreia.com.br""}";;5e200087-a353-4237-a68c-d2622a67cac3;clique_servico;
2026-02-05 21:09:31.812064+00;831b5a00-10e0-4e61-8098-a3c91de8f61f;;"{""isDomainCustomizado"":true,""url"":""https://sodreia.com.br""}";;5e200087-a353-4237-a68c-d2622a67cac3;clique_servico;
2026-02-05 21:09:33.057652+00;65828a85-5614-444f-8546-81d76bed08ce;;"{""isDomainCustomizado"":true,""url"":""https://sodreia.com.br""}";;5e200087-a353-4237-a68c-d2622a67cac3;clique_servico;
2026-02-05 21:09:33.795087+00;eefa1081-2e40-4e76-bb65-5c51dc401d84;;"{""isDomainCustomizado"":true,""url"":""https://sodreia.com.br""}";;5e200087-a353-4237-a68c-d2622a67cac3;clique_servico;
2026-02-05 21:09:36.178565+00;15862d33-f008-4730-b6b1-5855b4b20b32;;"{""isDomainCustomizado"":true,""url"":""https://sodreia.com.br""}";;5e200087-a353-4237-a68c-d2622a67cac3;clique_servico;
2026-02-05 21:09:36.397715+00;0c731f00-d886-4a07-b888-5d9c9f98f806;;"{""isDomainCustomizado"":true,""url"":""https://sodreia.com.br""}";;5e200087-a353-4237-a68c-d2622a67cac3;clique_servico;
2026-02-05 21:09:36.599644+00;b89cdb2b-9838-4168-b392-9f0524f5ee2c;;"{""isDomainCustomizado"":true,""url"":""https://sodreia.com.br""}";;5e200087-a353-4237-a68c-d2622a67cac3;clique_servico;
2026-02-05 21:09:36.995216+00;d862b4b0-373d-48ad-922e-b60a48170b88;;"{""isDomainCustomizado"":true,""url"":""https://sodreia.com.br""}";;5e200087-a353-4237-a68c-d2622a67cac3;clique_servico;
2026-02-05 21:09:37.231029+00;23289d45-fcab-4b8b-bd72-2abe1bb11588;;"{""isDomainCustomizado"":true,""url"":""https://sodreia.com.br""}";;5e200087-a353-4237-a68c-d2622a67cac3;clique_servico;
2026-02-05 21:09:37.400064+00;2fdbf5d3-3cb6-4d6b-ada4-589578a62417;;"{""isDomainCustomizado"":true,""url"":""https://sodreia.com.br""}";;5e200087-a353-4237-a68c-d2622a67cac3;clique_servico;
2026-02-05 21:09:37.598299+00;32ec755e-7e04-480b-b0ac-4d2ff2861c1d;;"{""isDomainCustomizado"":true,""url"":""https://sodreia.com.br""}";;5e200087-a353-4237-a68c-d2622a67cac3;clique_servico;
2026-02-05 21:09:37.711628+00;e7ac8dc4-8db0-4d25-954b-9dcc7d46ec22;;"{""isDomainCustomizado"":true,""url"":""https://sodreia.com.br""}";;5e200087-a353-4237-a68c-d2622a67cac3;clique_servico;
2026-02-05 21:11:18.780039+00;3b28b956-21da-4dbf-9f74-7aac4a7d5a4a;;"{""isDomainCustomizado"":true,""url"":""https://sodreia.com.br""}";;5e200087-a353-4237-a68c-d2622a67cac3;clique_servico;
2026-02-05 21:11:19.30872+00;dd660657-40af-4469-ab34-71acc3e71cd5;;"{""isDomainCustomizado"":true,""url"":""https://sodreia.com.br""}";;5e200087-a353-4237-a68c-d2622a67cac3;clique_servico;
2026-02-05 21:11:19.473757+00;c881e2b3-ef75-4e55-a4f4-e32e876f29cb;;"{""isDomainCustomizado"":true,""url"":""https://sodreia.com.br""}";;5e200087-a353-4237-a68c-d2622a67cac3;clique_servico;
2026-02-05 21:11:19.671529+00;71d084f2-ca01-4f6e-b52a-646034c4b517;;"{""isDomainCustomizado"":true,""url"":""https://sodreia.com.br""}";;5e200087-a353-4237-a68c-d2622a67cac3;clique_servico;
2026-02-05 21:11:20.87908+00;7924fec2-ecef-447c-a1bd-c898ba6c145f;;"{""isDomainCustomizado"":true,""url"":""https://sodreia.com.br""}";;5e200087-a353-4237-a68c-d2622a67cac3;clique_servico;
2026-02-05 21:11:22.224745+00;2713bc2e-cc71-4990-91d9-e5cdad8b6c7c;;"{""isDomainCustomizado"":true,""url"":""https://sodreia.com.br""}";;5e200087-a353-4237-a68c-d2622a67cac3;clique_servico;
2026-02-05 21:11:22.355293+00;aaad7720-87b1-4dfc-84bc-991cf13be1dd;;"{""isDomainCustomizado"":true,""url"":""https://sodreia.com.br""}";;5e200087-a353-4237-a68c-d2622a67cac3;clique_servico;
2026-02-05 21:11:22.491264+00;1ea09c24-1dfc-4620-8758-179e9e5c3dfe;;"{""isDomainCustomizado"":true,""url"":""https://sodreia.com.br""}";;5e200087-a353-4237-a68c-d2622a67cac3;clique_servico;
2026-02-05 21:11:22.966506+00;a4b56993-6385-4fe0-965e-4c145d39d410;;"{""isDomainCustomizado"":true,""url"":""https://sodreia.com.br""}";;5e200087-a353-4237-a68c-d2622a67cac3;clique_servico;
2026-02-05 21:11:23.133749+00;94d19f16-dec8-4d89-9eb0-495a9ad53fea;;"{""isDomainCustomizado"":true,""url"":""https://sodreia.com.br""}";;5e200087-a353-4237-a68c-d2622a67cac3;clique_servico;
2026-02-05 21:11:23.276227+00;849d4db4-1467-467f-b2e7-ec0ad627dc1f;;"{""isDomainCustomizado"":true,""url"":""https://sodreia.com.br""}";;5e200087-a353-4237-a68c-d2622a67cac3;clique_servico;
2026-02-05 21:11:23.422316+00;b6f83cf7-8ef1-481f-8348-887420f28a41;;"{""isDomainCustomizado"":true,""url"":""https://sodreia.com.br""}";;5e200087-a353-4237-a68c-d2622a67cac3;clique_servico;
2026-02-05 21:11:24.94553+00;78ebcb62-34c5-4141-b9e3-a68ed92ebbcc;;"{""isDomainCustomizado"":true,""url"":""https://sodreia.com.br""}";;5e200087-a353-4237-a68c-d2622a67cac3;clique_servico;
2026-02-05 21:11:25.310957+00;1c941f77-a29f-4721-9574-7e0f104358a0;;"{""isDomainCustomizado"":true,""url"":""https://sodreia.com.br""}";;5e200087-a353-4237-a68c-d2622a67cac3;clique_servico;
2026-02-05 21:11:26.368889+00;301c44ae-89fe-4e3d-8c7c-33d19d0b8855;;"{""isDomainCustomizado"":true,""url"":""https://sodreia.com.br""}";;5e200087-a353-4237-a68c-d2622a67cac3;clique_servico;
2026-02-05 21:11:26.594541+00;f53597b4-5a84-4df2-8738-706e69566523;;"{""isDomainCustomizado"":true,""url"":""https://sodreia.com.br""}";;5e200087-a353-4237-a68c-d2622a67cac3;clique_servico;
2026-02-05 21:11:26.78782+00;167e57d9-5001-47b9-9c73-f4643fce3bf7;;"{""isDomainCustomizado"":true,""url"":""https://sodreia.com.br""}";;5e200087-a353-4237-a68c-d2622a67cac3;clique_servico;
2026-02-05 21:11:26.910415+00;a584a782-056c-430f-8350-dc65437b04c0;;"{""isDomainCustomizado"":true,""url"":""https://sodreia.com.br""}";;5e200087-a353-4237-a68c-d2622a67cac3;clique_servico;
2026-02-05 21:11:27.075638+00;972cf01b-00eb-4bd2-ad3d-c5d2a2876c88;;"{""isDomainCustomizado"":true,""url"":""https://sodreia.com.br""}";;5e200087-a353-4237-a68c-d2622a67cac3;clique_servico;
2026-02-05 21:11:27.242131+00;7189c28c-0210-4d09-b394-33db5cc81364;;"{""isDomainCustomizado"":true,""url"":""https://sodreia.com.br""}";;5e200087-a353-4237-a68c-d2622a67cac3;clique_servico;
2026-02-06 12:28:50.444902+00;f88552e8-57ab-4d71-9625-58ee76cfe142;;"{""isDomainCustomizado"":true,""url"":""https://sodreia.com.br""}";;5e200087-a353-4237-a68c-d2622a67cac3;visita;
2026-02-06 12:28:51.902633+00;c27a64da-ebfe-4e5b-b505-eff3487aca66;;"{""isDomainCustomizado"":true,""url"":""https://sodreia.com.br""}";;5e200087-a353-4237-a68c-d2622a67cac3;visita;
2026-02-06 12:29:12.753281+00;f9b8968e-2a8f-4b23-90a5-c56181c13e6d;;"{""isDomainCustomizado"":true,""url"":""https://sodreia.com.br""}";;5e200087-a353-4237-a68c-d2622a67cac3;clique_cta_flutuante;
2026-02-06 12:29:13.30683+00;05d28766-1697-4126-8b34-06ba965b8c09;;"{""isDomainCustomizado"":true,""url"":""https://sodreia.com.br""}";;5e200087-a353-4237-a68c-d2622a67cac3;clique_cta_flutuante;
2026-02-06 15:31:41.747513+00;1be7b5e2-6f34-4822-96bc-66da3849913e;;"{""isDomainCustomizado"":true,""url"":""https://sodreia.com.br""}";;5e200087-a353-4237-a68c-d2622a67cac3;visita;
2026-02-06 15:31:43.049704+00;20a8e2e4-8d3a-4046-a152-34291084e37b;;"{""isDomainCustomizado"":true,""url"":""https://sodreia.com.br""}";;5e200087-a353-4237-a68c-d2622a67cac3;visita;
2026-02-06 16:36:41.484318+00;64815b3d-0a01-4850-8eac-512bdc57ea40;;"{""isDomainCustomizado"":true,""url"":""https://sodreia.com.br""}";;5e200087-a353-4237-a68c-d2622a67cac3;visita;
2026-02-06 16:37:01.472406+00;edf7385f-5aa3-4ce0-bd9a-dcf5b87bcfbe;;"{""isDomainCustomizado"":true,""url"":""https://sodreia.com.br""}";;5e200087-a353-4237-a68c-d2622a67cac3;visita;
2026-02-07 17:39:20.103193+00;d5012dbf-27b6-43e0-80de-8d7b75244ff6;;"{""isDomainCustomizado"":true,""url"":""https://sodreia.com.br""}";;5e200087-a353-4237-a68c-d2622a67cac3;visita;
2026-02-08 18:43:05.528664+00;8206bf4a-db28-482b-9f2a-bb23b3eb69d2;;"{""isDomainCustomizado"":true,""url"":""https://sodreia.com.br""}";;5e200087-a353-4237-a68c-d2622a67cac3;visita;
2026-02-08 18:43:07.887773+00;5257bf10-94ff-462b-8e8c-7ac3ca2fee08;;"{""isDomainCustomizado"":true,""url"":""https://sodreia.com.br""}";;5e200087-a353-4237-a68c-d2622a67cac3;clique_cta_hero;
2026-02-08 18:43:15.671188+00;d66263e9-9795-4f88-b5e7-8ed79e408c66;;"{""isDomainCustomizado"":true,""url"":""https://sodreia.com.br""}";;5e200087-a353-4237-a68c-d2622a67cac3;visita;
2026-02-08 18:43:23.855986+00;cd3274ff-738f-4e75-8d29-1fa38add3b3c;;"{""isDomainCustomizado"":true,""url"":""https://sodreia.com.br""}";;5e200087-a353-4237-a68c-d2622a67cac3;clique_cta_hero;
2026-02-08 19:18:19.235039+00;24282057-8d92-4668-95d5-c138e6af1def;;"{""isDomainCustomizado"":true,""url"":""https://sodreia.com.br""}";;5e200087-a353-4237-a68c-d2622a67cac3;visita;
2026-02-08 19:18:25.235952+00;bdfeb189-12cb-4031-9a06-5e1de4299fec;;"{""isDomainCustomizado"":true,""url"":""https://sodreia.com.br""}";;5e200087-a353-4237-a68c-d2622a67cac3;clique_cta_hero;
2026-02-08 20:15:45.524009+00;7e8000f2-aa24-4244-a573-09a7250ff0e9;;"{""isDomainCustomizado"":true,""url"":""https://sodreia.com.br""}";;5e200087-a353-4237-a68c-d2622a67cac3;visita;
2026-02-08 23:58:01.81517+00;5aa61e24-5f48-4f47-b854-daf72d375a45;;"{""isDomainCustomizado"":true,""url"":""https://sodreia.com.br""}";;5e200087-a353-4237-a68c-d2622a67cac3;visita;
2026-02-09 12:48:39.593917+00;dd6756a3-452c-43e1-a9f6-076f159d9ac7;;"{""isDomainCustomizado"":true,""url"":""https://sodreia.com.br""}";;5e200087-a353-4237-a68c-d2622a67cac3;visita;
2026-02-09 12:48:42.730017+00;c7b09fd5-3755-4c93-b314-c57fd0639861;;"{""isDomainCustomizado"":true,""url"":""https://sodreia.com.br""}";;5e200087-a353-4237-a68c-d2622a67cac3;clique_cta_hero;
2026-02-09 12:51:03.95114+00;404c6f89-1503-45c6-a1ad-1bab0f0ec2e5;;"{""isDomainCustomizado"":true,""url"":""https://sodreia.com.br""}";;5e200087-a353-4237-a68c-d2622a67cac3;visita;
2026-02-09 12:51:11.948573+00;15d7050b-a35f-41aa-9d54-fd5827856faf;;"{""isDomainCustomizado"":true,""url"":""https://sodreia.com.br""}";;5e200087-a353-4237-a68c-d2622a67cac3;clique_servico;
2026-02-09 12:51:14.552656+00;244fe8a8-e8cb-4fa1-bb4c-bc87ea65df6b;;"{""isDomainCustomizado"":true,""url"":""https://sodreia.com.br""}";;5e200087-a353-4237-a68c-d2622a67cac3;clique_servico;
2026-02-09 12:51:17.410783+00;6c5f1144-cc8d-4657-bcc4-aee21443f8c8;;"{""isDomainCustomizado"":true,""url"":""https://sodreia.com.br""}";;5e200087-a353-4237-a68c-d2622a67cac3;clique_servico;
2026-02-09 12:51:18.18489+00;5406ca44-febc-4573-b80f-d28ce72df909;;"{""isDomainCustomizado"":true,""url"":""https://sodreia.com.br""}";;5e200087-a353-4237-a68c-d2622a67cac3;clique_servico;
2026-02-09 12:51:18.389828+00;5effd7c7-44f2-4c41-9e5b-50df778cb995;;"{""isDomainCustomizado"":true,""url"":""https://sodreia.com.br""}";;5e200087-a353-4237-a68c-d2622a67cac3;clique_servico;
2026-02-09 12:51:18.571248+00;63a14ece-53cc-4ede-90e8-f721c3f275b4;;"{""isDomainCustomizado"":true,""url"":""https://sodreia.com.br""}";;5e200087-a353-4237-a68c-d2622a67cac3;clique_servico;
2026-02-09 12:51:20.430859+00;f18a81bc-fd7a-4d05-a6d4-5a588e56eff7;;"{""isDomainCustomizado"":true,""url"":""https://sodreia.com.br""}";;5e200087-a353-4237-a68c-d2622a67cac3;clique_servico;
2026-02-09 12:51:21.196681+00;b5af9be9-7678-4c63-8f92-c301fb636a25;;"{""isDomainCustomizado"":true,""url"":""https://sodreia.com.br""}";;5e200087-a353-4237-a68c-d2622a67cac3;clique_servico;
2026-02-09 12:51:21.396836+00;ac14eab3-f672-4bb1-9ea7-81d163b2883e;;"{""isDomainCustomizado"":true,""url"":""https://sodreia.com.br""}";;5e200087-a353-4237-a68c-d2622a67cac3;clique_servico;
2026-02-09 12:51:21.579347+00;e61ee6ad-efa5-4215-8e88-405c7c91829a;;"{""isDomainCustomizado"":true,""url"":""https://sodreia.com.br""}";;5e200087-a353-4237-a68c-d2622a67cac3;clique_servico;
2026-02-09 12:51:23.225279+00;a31d1876-8b93-4f9a-b447-02a77457ab73;;"{""isDomainCustomizado"":true,""url"":""https://sodreia.com.br""}";;5e200087-a353-4237-a68c-d2622a67cac3;clique_servico;
2026-02-09 12:51:23.540533+00;d7c9ed72-00df-4708-9990-9418508c2a80;;"{""isDomainCustomizado"":true,""url"":""https://sodreia.com.br""}";;5e200087-a353-4237-a68c-d2622a67cac3;clique_servico;
2026-02-09 12:51:23.75597+00;b6465d80-0735-45f3-8ce9-32055404d561;;"{""isDomainCustomizado"":true,""url"":""https://sodreia.com.br""}";;5e200087-a353-4237-a68c-d2622a67cac3;clique_servico;
2026-02-09 12:51:23.956338+00;79dda00a-c34b-43cf-805a-7c3b207cbd8b;;"{""isDomainCustomizado"":true,""url"":""https://sodreia.com.br""}";;5e200087-a353-4237-a68c-d2622a67cac3;clique_servico;
2026-02-09 12:51:24.158068+00;c470f65f-109b-4c54-982b-d8e260d78260;;"{""isDomainCustomizado"":true,""url"":""https://sodreia.com.br""}";;5e200087-a353-4237-a68c-d2622a67cac3;clique_servico;
2026-02-09 12:51:24.372715+00;556dc7f5-cbf9-4913-ac92-184d27c96c29;;"{""isDomainCustomizado"":true,""url"":""https://sodreia.com.br""}";;5e200087-a353-4237-a68c-d2622a67cac3;clique_servico;
2026-02-09 12:51:24.612294+00;31c001ff-2950-4816-a435-e04def3c4f68;;"{""isDomainCustomizado"":true,""url"":""https://sodreia.com.br""}";;5e200087-a353-4237-a68c-d2622a67cac3;clique_servico;
2026-02-09 12:51:24.846482+00;0c00ccdb-43e7-479a-9c38-56f42b7f9a5b;;"{""isDomainCustomizado"":true,""url"":""https://sodreia.com.br""}";;5e200087-a353-4237-a68c-d2622a67cac3;clique_servico;
2026-02-09 12:51:25.021306+00;c91b4ba3-5815-4c86-947a-0546c9885afa;;"{""isDomainCustomizado"":true,""url"":""https://sodreia.com.br""}";;5e200087-a353-4237-a68c-d2622a67cac3;clique_servico;
2026-02-09 12:51:26.193842+00;6ac8f76e-45b0-40a1-8310-8a9a0a8f027a;;"{""isDomainCustomizado"":true,""url"":""https://sodreia.com.br""}";;5e200087-a353-4237-a68c-d2622a67cac3;clique_servico;
2026-02-09 12:51:26.605565+00;3565d7d2-5d00-4530-a034-cd6dcab7b019;;"{""isDomainCustomizado"":true,""url"":""https://sodreia.com.br""}";;5e200087-a353-4237-a68c-d2622a67cac3;clique_servico;
2026-02-09 12:51:26.791702+00;68492e73-73a1-4ab6-8c7f-7a52c40faa1e;;"{""isDomainCustomizado"":true,""url"":""https://sodreia.com.br""}";;5e200087-a353-4237-a68c-d2622a67cac3;clique_servico;
2026-02-09 12:51:26.97022+00;fa71efe4-038e-41d2-9fb5-b853921c5d54;;"{""isDomainCustomizado"":true,""url"":""https://sodreia.com.br""}";;5e200087-a353-4237-a68c-d2622a67cac3;clique_servico;
2026-02-09 12:51:27.134314+00;e94da5c2-0511-4e36-9239-b5254046200a;;"{""isDomainCustomizado"":true,""url"":""https://sodreia.com.br""}";;5e200087-a353-4237-a68c-d2622a67cac3;clique_servico;
2026-02-09 12:51:27.335022+00;70420184-3ca7-428f-af0e-21ff314204c8;;"{""isDomainCustomizado"":true,""url"":""https://sodreia.com.br""}";;5e200087-a353-4237-a68c-d2622a67cac3;clique_servico;
2026-02-09 12:51:27.500112+00;599d756c-4853-4f39-9f6e-86b8fce8b4e6;;"{""isDomainCustomizado"":true,""url"":""https://sodreia.com.br""}";;5e200087-a353-4237-a68c-d2622a67cac3;clique_servico;
2026-02-09 12:51:27.665678+00;397c55eb-044a-4f05-8b54-6632d0646dbe;;"{""isDomainCustomizado"":true,""url"":""https://sodreia.com.br""}";;5e200087-a353-4237-a68c-d2622a67cac3;clique_servico;
2026-02-09 12:51:27.883395+00;2c2d7e99-b5ec-4644-b073-74f7f34b42fb;;"{""isDomainCustomizado"":true,""url"":""https://sodreia.com.br""}";;5e200087-a353-4237-a68c-d2622a67cac3;clique_servico;
2026-02-09 12:51:28.109755+00;087eeee5-10b7-4bd4-82e6-02ccd7248e2a;;"{""isDomainCustomizado"":true,""url"":""https://sodreia.com.br""}";;5e200087-a353-4237-a68c-d2622a67cac3;clique_servico;
2026-02-09 12:51:28.269849+00;4b0e64b7-8e34-4e51-8cea-a97edf6d0929;;"{""isDomainCustomizado"":true,""url"":""https://sodreia.com.br""}";;5e200087-a353-4237-a68c-d2622a67cac3;clique_servico;
2026-02-09 12:52:22.050195+00;5159dcf3-8859-424a-bb9d-f5c6813a9f30;;"{""isDomainCustomizado"":true,""url"":""https://sodreia.com.br""}";;5e200087-a353-4237-a68c-d2622a67cac3;clique_cta_flutuante;
2026-02-09 12:52:29.515986+00;79632f58-d47d-4a5a-a179-7ef4a5fbef99;;"{""isDomainCustomizado"":true,""url"":""https://sodreia.com.br""}";;5e200087-a353-4237-a68c-d2622a67cac3;clique_cta_hero;
2026-02-09 12:52:38.309815+00;6f8bf100-b3c8-4163-86b7-56b401874d4a;;"{""isDomainCustomizado"":true,""url"":""https://sodreia.com.br""}";;5e200087-a353-4237-a68c-d2622a67cac3;clique_servico;
2026-02-09 12:52:39.109938+00;cba71800-402c-4709-b13e-a38ee8ce9e34;;"{""isDomainCustomizado"":true,""url"":""https://sodreia.com.br""}";;5e200087-a353-4237-a68c-d2622a67cac3;clique_servico;
2026-02-09 12:52:39.435564+00;e19f0392-d0d4-4e65-a3c4-adf08088e286;;"{""isDomainCustomizado"":true,""url"":""https://sodreia.com.br""}";;5e200087-a353-4237-a68c-d2622a67cac3;clique_servico;
2026-02-09 12:52:40.306341+00;0a9c5f08-968d-419e-8a84-4710ba34678a;;"{""isDomainCustomizado"":true,""url"":""https://sodreia.com.br""}";;5e200087-a353-4237-a68c-d2622a67cac3;clique_servico;
2026-02-09 12:52:41.04635+00;60b267b9-dbda-44e4-b6fb-948954f292f0;;"{""isDomainCustomizado"":true,""url"":""https://sodreia.com.br""}";;5e200087-a353-4237-a68c-d2622a67cac3;clique_servico;
2026-02-09 12:52:51.80229+00;e4511d9a-e90c-4516-9c22-f1b7e1035263;;"{""destaque"":true,""especialidadeId"":""a05af490-7c59-471e-a764-7868bdefb846"",""isDomainCustomizado"":true,""titulo"":""Compliance NR-1 Estratégico"",""url"":""https://sodreia.com.br""}";;5e200087-a353-4237-a68c-d2622a67cac3;clique_especialidade;
2026-02-09 12:52:39.752191+00;a58a8292-be62-4b4b-92e3-ab64ccff5ddc;;"{""isDomainCustomizado"":true,""url"":""https://sodreia.com.br""}";;5e200087-a353-4237-a68c-d2622a67cac3;clique_servico;
2026-02-09 12:52:40.495448+00;0f21b74b-429f-4b3a-a508-c8380c969200;;"{""isDomainCustomizado"":true,""url"":""https://sodreia.com.br""}";;5e200087-a353-4237-a68c-d2622a67cac3;clique_servico;
2026-02-09 12:52:50.482524+00;26d5bdce-1215-46de-87bf-805dc637966f;;"{""destaque"":true,""especialidadeId"":""a05af490-7c59-471e-a764-7868bdefb846"",""isDomainCustomizado"":true,""titulo"":""Compliance NR-1 Estratégico"",""url"":""https://sodreia.com.br""}";;5e200087-a353-4237-a68c-d2622a67cac3;clique_especialidade;
2026-02-09 12:52:51.995106+00;0669fea8-73ec-4932-97e0-af8642f6c7f7;;"{""destaque"":true,""especialidadeId"":""a05af490-7c59-471e-a764-7868bdefb846"",""isDomainCustomizado"":true,""titulo"":""Compliance NR-1 Estratégico"",""url"":""https://sodreia.com.br""}";;5e200087-a353-4237-a68c-d2622a67cac3;clique_especialidade;
2026-02-09 12:52:39.941412+00;0d2caa7c-09bd-434a-83bd-e054addfe2f1;;"{""isDomainCustomizado"":true,""url"":""https://sodreia.com.br""}";;5e200087-a353-4237-a68c-d2622a67cac3;clique_servico;
2026-02-09 12:52:40.742596+00;bd9295ae-4fc2-405d-97c1-9d1bc6ca27bf;;"{""isDomainCustomizado"":true,""url"":""https://sodreia.com.br""}";;5e200087-a353-4237-a68c-d2622a67cac3;clique_servico;
2026-02-09 12:52:51.168525+00;e964b770-8e25-49dd-8985-7f47da6de822;;"{""destaque"":true,""especialidadeId"":""a05af490-7c59-471e-a764-7868bdefb846"",""isDomainCustomizado"":true,""titulo"":""Compliance NR-1 Estratégico"",""url"":""https://sodreia.com.br""}";;5e200087-a353-4237-a68c-d2622a67cac3;clique_especialidade;
2026-02-09 12:52:52.181701+00;2223d8d0-7acb-43c4-8275-c8b34e0f2ba3;;"{""destaque"":true,""especialidadeId"":""a05af490-7c59-471e-a764-7868bdefb846"",""isDomainCustomizado"":true,""titulo"":""Compliance NR-1 Estratégico"",""url"":""https://sodreia.com.br""}";;5e200087-a353-4237-a68c-d2622a67cac3;clique_especialidade;
2026-02-09 12:52:40.09694+00;8bc93811-7120-4f1a-872d-846d35324ced;;"{""isDomainCustomizado"":true,""url"":""https://sodreia.com.br""}";;5e200087-a353-4237-a68c-d2622a67cac3;clique_servico;
2026-02-09 12:52:40.912366+00;b3da9bf5-4e96-4da4-ac51-2d81adffdd45;;"{""isDomainCustomizado"":true,""url"":""https://sodreia.com.br""}";;5e200087-a353-4237-a68c-d2622a67cac3;clique_servico;
2026-02-09 12:52:51.563122+00;fbf91490-db9a-4fd2-9da6-7f79d03a502a;;"{""destaque"":true,""especialidadeId"":""a05af490-7c59-471e-a764-7868bdefb846"",""isDomainCustomizado"":true,""titulo"":""Compliance NR-1 Estratégico"",""url"":""https://sodreia.com.br""}";;5e200087-a353-4237-a68c-d2622a67cac3;clique_especialidade;
2026-02-09 12:52:56.090641+00;ec56992f-7030-4a7c-b94d-0c63937f2261;;"{""isDomainCustomizado"":true,""url"":""https://sodreia.com.br""}";;5e200087-a353-4237-a68c-d2622a67cac3;clique_cta_intermediario;
2026-02-09 15:51:11.930841+00;2e599f4e-f847-4f30-83dd-b8d8ae35fd6b;;"{""isDomainCustomizado"":true,""url"":""https://sodreia.com.br""}";;5e200087-a353-4237-a68c-d2622a67cac3;visita;
2026-02-09 15:53:59.715398+00;663be96c-e910-49f2-9863-4323a03a322d;;"{""destaque"":true,""especialidadeId"":""a05af490-7c59-471e-a764-7868bdefb846"",""isDomainCustomizado"":true,""titulo"":""Compliance NR-1 Estratégico"",""url"":""https://sodreia.com.br""}";;5e200087-a353-4237-a68c-d2622a67cac3;clique_especialidade;
2026-02-09 15:54:00.623495+00;4504aaef-a47d-48a7-9883-86088a47908c;;"{""destaque"":true,""especialidadeId"":""91f84a34-3fab-4f1a-be0d-cf1212f1f1e8"",""isDomainCustomizado"":true,""titulo"":""Saúde Mental Organizacional"",""url"":""https://sodreia.com.br""}";;5e200087-a353-4237-a68c-d2622a67cac3;clique_especialidade;
2026-02-09 15:54:07.581772+00;42baa8fe-5de0-4883-aef8-c3c507feba86;;"{""isDomainCustomizado"":true,""url"":""https://sodreia.com.br""}";;5e200087-a353-4237-a68c-d2622a67cac3;clique_servico;
2026-02-09 15:54:08.19311+00;f14dc118-0913-4f74-a924-e010a27c5074;;"{""isDomainCustomizado"":true,""url"":""https://sodreia.com.br""}";;5e200087-a353-4237-a68c-d2622a67cac3;clique_servico;
2026-02-09 15:54:09.805815+00;4b0e34ea-b7fe-4315-aa07-30e6b31b37d2;;"{""isDomainCustomizado"":true,""url"":""https://sodreia.com.br""}";;5e200087-a353-4237-a68c-d2622a67cac3;clique_servico;
2026-02-09 15:54:10.093208+00;a39a4e25-9efe-4aeb-bec6-ca91643759a6;;"{""isDomainCustomizado"":true,""url"":""https://sodreia.com.br""}";;5e200087-a353-4237-a68c-d2622a67cac3;clique_servico;
2026-02-09 16:04:37.609455+00;4054f4ab-7c1a-4f44-910f-fa33079576f7;;"{""isDomainCustomizado"":true,""url"":""https://sodreia.com.br""}";;5e200087-a353-4237-a68c-d2622a67cac3;clique_servico;
2026-02-09 16:04:51.673229+00;357604fb-b54f-4a77-9898-bc2c3de0304b;;"{""isDomainCustomizado"":true,""url"":""https://sodreia.com.br""}";;5e200087-a353-4237-a68c-d2622a67cac3;clique_servico;
2026-02-09 16:19:56.999612+00;02c92fa6-983f-49b9-9eee-6c37b8061491;;"{""isDomainCustomizado"":true,""url"":""https://sodreia.com.br""}";;5e200087-a353-4237-a68c-d2622a67cac3;visita;
2026-02-09 16:20:02.498667+00;52d5feed-c08a-4537-84fb-374eebcd5192;;"{""isDomainCustomizado"":true,""url"":""https://sodreia.com.br""}";;5e200087-a353-4237-a68c-d2622a67cac3;clique_servico;
2026-02-09 16:20:04.370227+00;6897a7b2-413e-4404-bc48-c1b2e43a54b5;;"{""isDomainCustomizado"":true,""url"":""https://sodreia.com.br""}";;5e200087-a353-4237-a68c-d2622a67cac3;clique_servico;
2026-02-09 16:20:15.735241+00;6a1ca0d2-5d9a-45cc-8d9a-623b468a7810;;"{""isDomainCustomizado"":true,""url"":""https://sodreia.com.br""}";;5e200087-a353-4237-a68c-d2622a67cac3;clique_servico;
2026-02-09 16:20:24.114424+00;aff36919-5004-4eb6-9c21-7d1eb41cd1c8;;"{""isDomainCustomizado"":true,""url"":""https://sodreia.com.br""}";;5e200087-a353-4237-a68c-d2622a67cac3;clique_servico;
2026-02-10 04:20:49.951305+00;f0351740-fe9f-474a-88d6-5fec3b1f1b4d;;"{""isDomainCustomizado"":true,""url"":""https://sodreia.com.br""}";;5e200087-a353-4237-a68c-d2622a67cac3;visita;
2026-02-10 04:20:50.205252+00;5a31bee9-c04a-46f0-937b-5454c43eb77e;;"{""isDomainCustomizado"":true,""url"":""https://sodreia.com.br""}";;5e200087-a353-4237-a68c-d2622a67cac3;visita;
2026-02-10 19:03:04.470263+00;8712c95a-3cf6-4964-a513-134d44801a2a;;"{""isDomainCustomizado"":true,""url"":""https://psi.guilds.com.br""}";;17df36a9-2e4e-4e38-842a-9835d291a8cd;visita;
2026-02-10 22:00:17.600552+00;b80da170-2785-45f6-a4c1-fae8abf5ebc3;;"{""isDomainCustomizado"":true,""url"":""https://sodreia.com.br""}";;5e200087-a353-4237-a68c-d2622a67cac3;visita;
2026-02-10 22:02:10.002241+00;1563bbe4-645a-41ce-8ac1-25e5dc22296f;;"{""isDomainCustomizado"":true,""url"":""https://sodreia.com.br""}";;5e200087-a353-4237-a68c-d2622a67cac3;clique_cta_hero;
2026-02-11 22:52:58.197957+00;cf96f61d-51e0-4129-b1da-2894fbdb4072;;"{""isDomainCustomizado"":true,""url"":""https://sodreia.com.br""}";;5e200087-a353-4237-a68c-d2622a67cac3;visita;
2026-02-12 01:46:47.597294+00;f5d80c53-9816-47d7-a9a2-27f01bbd87e0;;"{""isDomainCustomizado"":true,""url"":""https://sodreia.com.br""}";;5e200087-a353-4237-a68c-d2622a67cac3;visita;
2026-02-12 01:46:50.584578+00;0a310a7d-03a1-4ce2-b51b-7db8c927549c;;"{""isDomainCustomizado"":true,""url"":""https://sodreia.com.br""}";;5e200087-a353-4237-a68c-d2622a67cac3;clique_cta_hero;
2026-02-12 01:46:55.88241+00;e0116c5a-7988-4a35-8a67-b156d6caefb8;;"{""isDomainCustomizado"":true,""url"":""https://sodreia.com.br""}";;5e200087-a353-4237-a68c-d2622a67cac3;clique_cta_hero;
2026-02-12 01:46:59.18073+00;4b408252-5a6b-45d7-827b-65baadaba21a;;"{""isDomainCustomizado"":true,""url"":""https://sodreia.com.br""}";;5e200087-a353-4237-a68c-d2622a67cac3;clique_cta_flutuante;
2026-02-12 01:55:47.39507+00;0e474589-2aed-4f69-a362-399f5f7f485d;;"{""isDomainCustomizado"":true,""url"":""https://sodreia.com.br""}";;5e200087-a353-4237-a68c-d2622a67cac3;visita;
2026-02-12 04:38:53.604151+00;7fcfc0c0-e38e-4311-804e-f11cdee1b67b;;"{""isDomainCustomizado"":true,""url"":""https://sodreia.com.br""}";;5e200087-a353-4237-a68c-d2622a67cac3;visita;
2026-02-12 07:33:43.796103+00;61ddb42f-00cf-4759-b5bd-4f8e0ce43fdb;;"{""isDomainCustomizado"":true,""url"":""https://sodreia.com.br""}";;5e200087-a353-4237-a68c-d2622a67cac3;visita;
2026-02-12 10:23:24.859028+00;8872fb07-2762-4388-9caf-64d14e120d96;;"{""isDomainCustomizado"":true,""url"":""https://sodreia.com.br""}";;5e200087-a353-4237-a68c-d2622a67cac3;visita;
2026-02-12 11:57:07.021058+00;2768828d-f090-45c9-999f-2f28ce248036;;"{""isDomainCustomizado"":true,""url"":""https://sodreia.com.br""}";;5e200087-a353-4237-a68c-d2622a67cac3;visita;
2026-02-12 14:20:08.886154+00;c6484f61-1110-4beb-905c-219fd02fbac7;;"{""isDomainCustomizado"":true,""url"":""https://sodreia.com.br""}";;5e200087-a353-4237-a68c-d2622a67cac3;visita;
2026-02-12 16:24:58.574809+00;d9f1d1da-008f-4a73-9898-1cd6111bde66;;"{""isDomainCustomizado"":true,""url"":""https://sodreia.com.br""}";;5e200087-a353-4237-a68c-d2622a67cac3;visita;
2026-02-12 21:21:34.174369+00;49b1035e-b753-45eb-867b-864e61814f27;;"{""isDomainCustomizado"":true,""url"":""https://sodreia.com.br""}";;5e200087-a353-4237-a68c-d2622a67cac3;visita;
2026-02-13 01:09:44.314205+00;a9b95f30-f14d-4096-ab93-fa0a98dbb17a;;"{""isDomainCustomizado"":true,""url"":""https://sodreia.com.br""}";;5e200087-a353-4237-a68c-d2622a67cac3;visita;
2026-02-13 08:21:42.611807+00;0c249740-a355-417e-9966-0d5e1adaa84f;;"{""isDomainCustomizado"":true,""url"":""https://sodreia.com.br""}";;5e200087-a353-4237-a68c-d2622a67cac3;visita;
2026-02-13 11:47:48.089067+00;74dc574f-6b62-453e-ad22-124735e813ef;;"{""isDomainCustomizado"":true,""url"":""https://sodreia.com.br""}";;5e200087-a353-4237-a68c-d2622a67cac3;visita;
2026-02-13 11:50:32.317745+00;4d98dc79-c11b-459f-ae39-ca2ca1f680d8;;"{""destaque"":false,""especialidadeId"":""28ba9c9a-cf8a-42fa-8b39-bdbc2358e0a9"",""isDomainCustomizado"":true,""titulo"":""Gestão de ROI em Pessoas"",""url"":""https://sodreia.com.br""}";;5e200087-a353-4237-a68c-d2622a67cac3;clique_especialidade;
2026-02-13 13:58:43.227425+00;1fe7f583-afd6-409e-9c57-a14bbbdee518;;"{""isDomainCustomizado"":true,""url"":""https://sodreia.com.br""}";;5e200087-a353-4237-a68c-d2622a67cac3;visita;
2026-02-13 13:59:01.63665+00;2852ba65-7c16-4c63-845c-e43fa602f397;;"{""isDomainCustomizado"":true,""url"":""https://sodreia.com.br""}";;5e200087-a353-4237-a68c-d2622a67cac3;clique_cta_flutuante;
2026-02-13 15:13:58.133624+00;a7daa907-a82c-4a72-aa6c-5495c007b3aa;;"{""isDomainCustomizado"":true,""url"":""https://sodreia.com.br""}";;5e200087-a353-4237-a68c-d2622a67cac3;visita;
2026-02-13 16:55:27.256264+00;a5c645cd-22f0-4306-a486-8996758f70e4;;"{""isDomainCustomizado"":true,""url"":""https://sodreia.com.br""}";;5e200087-a353-4237-a68c-d2622a67cac3;visita;
2026-02-13 19:31:41.762118+00;e7f4d6ec-d257-4c27-94a4-944dbd355539;;"{""isDomainCustomizado"":true,""url"":""https://sodreia.com.br""}";;5e200087-a353-4237-a68c-d2622a67cac3;visita;
2026-02-13 20:45:59.96554+00;4b97599f-4725-4fa2-85df-4d388b7ee359;;"{""isDomainCustomizado"":true,""url"":""https://sodreia.com.br""}";;5e200087-a353-4237-a68c-d2622a67cac3;visita;
2026-02-13 20:46:00.713956+00;bf3d7eaa-e76a-45cf-98dc-9a00040db3df;;"{""isDomainCustomizado"":true,""url"":""https://sodreia.com.br""}";;5e200087-a353-4237-a68c-d2622a67cac3;visita;
2026-02-13 21:03:52.253325+00;25d61748-185a-4d7c-9b04-9ce0c42f34d5;;"{""isDomainCustomizado"":true,""url"":""https://sodreia.com.br""}";;5e200087-a353-4237-a68c-d2622a67cac3;visita;
2026-02-14 13:30:21.405266+00;fd9576af-5ce8-4105-8470-1d29ff6c9ca8;;"{""isDomainCustomizado"":true,""url"":""https://sodreia.com.br""}";;5e200087-a353-4237-a68c-d2622a67cac3;visita;
2026-02-14 13:33:06.149812+00;30d195cf-affe-4bcd-a483-3f3778e63da7;;"{""isDomainCustomizado"":true,""url"":""https://sodreia.com.br""}";;5e200087-a353-4237-a68c-d2622a67cac3;visita;
2026-02-15 07:45:02.509902+00;982e8184-203c-4839-941f-b756b1841a56;;"{""isDomainCustomizado"":true,""url"":""https://sodreia.com.br""}";;5e200087-a353-4237-a68c-d2622a67cac3;visita;
2026-02-15 16:20:45.195911+00;73d19be7-d0fe-496e-8f25-8d62ee53e68b;;"{""isDomainCustomizado"":true,""url"":""https://sodreia.com.br""}";;5e200087-a353-4237-a68c-d2622a67cac3;visita;
2026-02-15 19:58:19.302496+00;c74f4f6e-c555-4749-a346-e8ca2335f4cd;;"{""isDomainCustomizado"":true,""url"":""https://sodreia.com.br""}";;5e200087-a353-4237-a68c-d2622a67cac3;visita;
2026-02-16 21:24:38.570425+00;e7279785-d5da-41e7-85e7-a759ea2a80de;;"{""isDomainCustomizado"":true,""url"":""https://sodreia.com.br""}";;5e200087-a353-4237-a68c-d2622a67cac3;visita;
2026-02-16 21:24:45.416811+00;0fe6aab0-9025-45a8-a871-dc05471a411b;;"{""isDomainCustomizado"":true,""url"":""https://sodreia.com.br""}";;5e200087-a353-4237-a68c-d2622a67cac3;visita;
2026-02-18 06:26:07.271875+00;f2ddad22-c782-4437-801c-9e6e1a63210d;;"{""isDomainCustomizado"":true,""url"":""https://sodreia.com.br""}";;5e200087-a353-4237-a68c-d2622a67cac3;visita;
2026-02-18 20:19:04.335661+00;0cdb9b43-a455-465b-a497-bf48bc0db968;;"{""isDomainCustomizado"":true,""url"":""https://sodreia.com.br""}";;5e200087-a353-4237-a68c-d2622a67cac3;visita;
2026-02-19 13:46:07.411508+00;c10a8d34-886c-42c8-bc1b-0fe9bf937d7a;;"{""isDomainCustomizado"":true,""url"":""https://sodreia.com.br""}";;5e200087-a353-4237-a68c-d2622a67cac3;visita;
2026-02-20 13:33:51.643723+00;ca481a59-3897-46ae-a0f1-8f71ee5731d4;;"{""isDomainCustomizado"":true,""url"":""https://sodreia.com.br""}";;5e200087-a353-4237-a68c-d2622a67cac3;visita;
2026-02-21 20:14:25.939639+00;7acb8227-f210-45a9-a746-45d903287185;;"{""isDomainCustomizado"":true,""url"":""https://sodreia.com.br""}";;5e200087-a353-4237-a68c-d2622a67cac3;visita;
2026-02-21 20:55:50.741088+00;d467655e-ae86-4c2b-9ec7-9e7284e7a424;;"{""isDomainCustomizado"":true,""url"":""https://sodreia.com.br""}";;5e200087-a353-4237-a68c-d2622a67cac3;visita;
2026-02-22 00:02:52.324781+00;0cd30843-7abc-4652-9ad9-eb20ba98e64d;;"{""isDomainCustomizado"":true,""url"":""https://sodreia.com.br""}";;5e200087-a353-4237-a68c-d2622a67cac3;visita;
2026-02-22 00:02:52.324327+00;876f2159-0b1e-4602-aa7e-1d2afc5ca324;;"{""isDomainCustomizado"":true,""url"":""https://sodreia.com.br""}";;5e200087-a353-4237-a68c-d2622a67cac3;visita;
2026-02-22 01:00:00.991908+00;ec106130-be83-4f91-a21e-002390f03567;;"{""isDomainCustomizado"":true,""url"":""https://sodreia.com.br""}";;5e200087-a353-4237-a68c-d2622a67cac3;visita;
2026-02-23 14:34:28.01936+00;ce53e15e-9e00-4ad7-8af3-80366d8c1847;;"{""isDomainCustomizado"":true,""url"":""https://sodreia.com.br""}";;5e200087-a353-4237-a68c-d2622a67cac3;visita;
2026-02-23 14:34:32.942402+00;7273616e-46c7-4cda-b5a7-1c8b7ba43c8a;;"{""isDomainCustomizado"":true,""url"":""https://sodreia.com.br""}";;5e200087-a353-4237-a68c-d2622a67cac3;clique_cta_hero;
2026-02-25 22:21:52.891118+00;3a7a40d9-6157-42f9-af0f-587c69556ac6;;"{""isDomainCustomizado"":true,""url"":""https://sodreia.com.br""}";;5e200087-a353-4237-a68c-d2622a67cac3;visita;
2026-02-27 04:00:04.391029+00;8a224ffd-fc87-4203-910a-ba6269d4c84f;;"{""isDomainCustomizado"":true,""url"":""https://sodreia.com.br""}";;5e200087-a353-4237-a68c-d2622a67cac3;visita;
2026-02-27 10:24:07.242031+00;e9f2d6ff-6274-420c-a1bb-59d838aae3e6;;"{""isDomainCustomizado"":true,""url"":""https://sodreia.com.br""}";;5e200087-a353-4237-a68c-d2622a67cac3;visita;
2026-02-27 10:25:57.301256+00;0eb05c5b-24ae-46ca-9faa-d1b699245c66;;"{""isDomainCustomizado"":true,""url"":""https://sodreia.com.br""}";;5e200087-a353-4237-a68c-d2622a67cac3;visita;
2026-02-27 17:32:18.946128+00;b9d63fb0-5691-47df-a885-855f189dc2f7;;"{""isDomainCustomizado"":true,""url"":""https://sodreia.com.br""}";;5e200087-a353-4237-a68c-d2622a67cac3;visita;
2026-03-01 20:13:12.665558+00;12bbca15-1e9d-4e02-896c-70d3cc4c6583;;"{""isDomainCustomizado"":true,""url"":""https://sodreia.com.br""}";;5e200087-a353-4237-a68c-d2622a67cac3;visita;
2026-03-08 16:47:28.349325+00;6990d83e-cf0d-4b0b-a309-f565b17b89c2;;"{""isDomainCustomizado"":true,""url"":""https://sodreia.com.br""}";;5e200087-a353-4237-a68c-d2622a67cac3;visita;
2026-03-15 20:19:44.964292+00;da10d4c8-3850-401b-9db4-1703871324dd;;"{""isDomainCustomizado"":true,""url"":""https://sodreia.com.br""}";;5e200087-a353-4237-a68c-d2622a67cac3;visita;
2026-03-16 07:29:29.163814+00;43bec8bd-64c4-4b87-855c-451c1584dbf9;;"{""isDomainCustomizado"":true,""url"":""https://sodreia.com.br""}";;5e200087-a353-4237-a68c-d2622a67cac3;visita;
2026-03-16 07:29:38.934417+00;b4fb98df-b0a8-4dce-98e4-6305e90673f4;;"{""isDomainCustomizado"":true,""url"":""https://sodreia.com.br""}";;5e200087-a353-4237-a68c-d2622a67cac3;visita;
2026-03-20 21:51:37.387899+00;fcc6b10d-927d-4747-bb24-d91a1cfeff0b;;"{""isDomainCustomizado"":true,""url"":""https://psi.guilds.com.br""}";;17df36a9-2e4e-4e38-842a-9835d291a8cd;visita;
2026-03-20 21:51:40.598944+00;83e90f53-dee3-4d53-b1ed-8d8d3d6fd142;;"{""isDomainCustomizado"":true,""url"":""https://psi.guilds.com.br""}";;17df36a9-2e4e-4e38-842a-9835d291a8cd;visita;
2026-03-20 21:51:59.105083+00;6206247e-ab95-43c9-98db-efacd80235ea;;"{""isDomainCustomizado"":true,""url"":""https://psi.guilds.com.br""}";;17df36a9-2e4e-4e38-842a-9835d291a8cd;visita;
2026-03-20 21:51:59.143546+00;53a2b008-af34-45a8-8a4a-2d14fe7d09ed;;"{""isDomainCustomizado"":true,""url"":""https://psi.guilds.com.br""}";;17df36a9-2e4e-4e38-842a-9835d291a8cd;visita;
2026-03-21 20:55:26.548388+00;007f0ccb-2660-4d03-9d2c-6b1ee4360b67;;"{""isDomainCustomizado"":true,""url"":""https://sodreia.com.br""}";;5e200087-a353-4237-a68c-d2622a67cac3;visita;
2026-03-23 14:12:58.129996+00;11c19469-9097-4161-a26a-795f4de78c05;;"{""isDomainCustomizado"":true,""url"":""https://sodreia.com.br""}";;5e200087-a353-4237-a68c-d2622a67cac3;visita;
2026-03-23 14:39:56.392273+00;a4b5c3ad-3f9e-4a0a-88e3-6c25a971112d;;"{""isDomainCustomizado"":true,""url"":""https://sodreia.com.br""}";;5e200087-a353-4237-a68c-d2622a67cac3;visita;
2026-03-23 14:40:02.417452+00;33403394-6222-43ae-afed-2b34e89da1e9;;"{""isDomainCustomizado"":true,""url"":""https://sodreia.com.br""}";;5e200087-a353-4237-a68c-d2622a67cac3;visita;
2026-03-23 14:40:28.933841+00;d58cdc0e-bb41-4746-a710-10865db1fffd;;"{""isDomainCustomizado"":true,""url"":""https://sodreia.com.br""}";;5e200087-a353-4237-a68c-d2622a67cac3;visita;
2026-03-23 14:40:39.407991+00;ca2d4c8d-ee8c-4a18-819e-35e1e18aaea1;;"{""isDomainCustomizado"":true,""url"":""https://sodreia.com.br""}";;5e200087-a353-4237-a68c-d2622a67cac3;visita;
2026-03-23 14:42:59.266419+00;e265b6c7-1919-4442-af4d-ff7002eb7d5f;;"{""isDomainCustomizado"":true,""url"":""https://sodreia.com.br""}";;5e200087-a353-4237-a68c-d2622a67cac3;visita;
2026-03-23 14:43:17.109169+00;22bc9ed6-a079-444e-83c4-9c81d17b0d75;;"{""isDomainCustomizado"":true,""url"":""https://sodreia.com.br""}";;5e200087-a353-4237-a68c-d2622a67cac3;visita;
2026-03-23 14:43:55.926681+00;16d82e08-1143-4a91-afd9-69d77b6f2a9b;;"{""isDomainCustomizado"":true,""url"":""https://sodreia.com.br""}";;5e200087-a353-4237-a68c-d2622a67cac3;visita;
2026-03-24 13:54:48.149581+00;92019e24-186e-40aa-8852-e0dcd8016f54;;"{""isDomainCustomizado"":true,""url"":""https://sodreia.com.br""}";;5e200087-a353-4237-a68c-d2622a67cac3;visita;
2026-03-24 13:54:52.452665+00;b425fce4-bca1-4452-920a-8f38de249853;;"{""isDomainCustomizado"":true,""url"":""https://sodreia.com.br""}";;5e200087-a353-4237-a68c-d2622a67cac3;visita;
2026-03-24 17:50:00.45934+00;e9078167-16f2-45a6-ad91-473bbf6114fe;;"{""isDomainCustomizado"":true,""url"":""https://sodreia.com.br""}";;5e200087-a353-4237-a68c-d2622a67cac3;visita;
2026-03-24 17:50:00.854645+00;213fc3fc-0c0b-467a-8952-d4bde1ab90d0;;"{""isDomainCustomizado"":true,""url"":""https://sodreia.com.br""}";;5e200087-a353-4237-a68c-d2622a67cac3;visita;
2026-03-24 17:50:01.753313+00;24e91876-242b-4ba4-b74b-f14f2fae1736;;"{""isDomainCustomizado"":true,""url"":""https://sodreia.com.br""}";;5e200087-a353-4237-a68c-d2622a67cac3;visita;
2026-03-24 17:50:03.334999+00;fe9cd31f-225f-4cd9-9b47-0cda6a4ce694;;"{""isDomainCustomizado"":true,""url"":""https://sodreia.com.br""}";;5e200087-a353-4237-a68c-d2622a67cac3;visita;
2026-03-24 17:50:06.748398+00;1ed31f99-08c7-4f39-9bb8-90c8e6edb2ed;;"{""isDomainCustomizado"":true,""url"":""https://sodreia.com.br""}";;5e200087-a353-4237-a68c-d2622a67cac3;visita;
2026-03-24 17:50:11.945303+00;f5bc50d4-73a8-46c3-8eb9-47727b08e45c;;"{""isDomainCustomizado"":true,""url"":""https://sodreia.com.br""}";;5e200087-a353-4237-a68c-d2622a67cac3;visita;
2026-03-24 17:50:13.452657+00;906b4612-f034-46bf-b335-54d242bd9f65;;"{""isDomainCustomizado"":true,""url"":""https://sodreia.com.br""}";;5e200087-a353-4237-a68c-d2622a67cac3;visita;
2026-03-24 17:50:14.011971+00;6020c62f-b56c-40cb-b0c2-e48fb0c5c272;;"{""isDomainCustomizado"":true,""url"":""https://sodreia.com.br""}";;5e200087-a353-4237-a68c-d2622a67cac3;visita;
2026-03-24 17:50:18.632966+00;ea351234-9019-4c90-8b82-4540ef17362d;;"{""isDomainCustomizado"":true,""url"":""https://sodreia.com.br""}";;5e200087-a353-4237-a68c-d2622a67cac3;visita;
2026-03-24 17:50:19.716733+00;ea6389af-de1c-4a70-9096-144c456ebe00;;"{""isDomainCustomizado"":true,""url"":""https://sodreia.com.br""}";;5e200087-a353-4237-a68c-d2622a67cac3;visita;
2026-03-24 20:22:34.257164+00;ba04f388-2a7d-4bc0-b09b-9e813541c1d0;;"{""isDomainCustomizado"":true,""url"":""https://sodreia.com.br""}";;5e200087-a353-4237-a68c-d2622a67cac3;visita;
2026-03-24 21:33:59.49949+00;71c7de43-51cc-4e36-8954-9708b3ceb72a;;"{""isDomainCustomizado"":true,""url"":""https://sodreia.com.br""}";;5e200087-a353-4237-a68c-d2622a67cac3;clique_cta_hero;
2026-03-25 20:08:16.190757+00;0e8fc156-eb4a-4beb-965c-e989b1baf75a;;"{""isDomainCustomizado"":true,""url"":""https://sodreia.com.br""}";;5e200087-a353-4237-a68c-d2622a67cac3;visita;
2026-03-26 17:27:34.378779+00;3a4bd5b7-e899-4562-8917-7bd6e9b1b914;;"{""isDomainCustomizado"":true,""url"":""https://psi.guilds.com.br""}";;17df36a9-2e4e-4e38-842a-9835d291a8cd;visita;
2026-03-29 11:42:30.355833+00;a5b44e5a-8247-4203-a2dd-6a2aba1310e2;;"{""isDomainCustomizado"":true,""url"":""https://sodreia.com.br""}";;5e200087-a353-4237-a68c-d2622a67cac3;visita;
2026-03-29 11:44:48.573619+00;87dd7afa-0bd9-471d-a1d3-0183753e4fe7;;"{""isDomainCustomizado"":true,""url"":""https://sodreia.com.br""}";;5e200087-a353-4237-a68c-d2622a67cac3;visita;
2026-03-29 17:02:59.820406+00;52b5199d-1f1a-48b4-bcdb-a2126e3ca100;;"{""isDomainCustomizado"":true,""url"":""https://sodreia.com.br""}";;5e200087-a353-4237-a68c-d2622a67cac3;visita;
2026-03-30 16:08:30.017337+00;9b34bcad-3afc-4b3e-87b3-4144c2deffc4;;"{""isDomainCustomizado"":true,""url"":""https://sodreia.com.br""}";;5e200087-a353-4237-a68c-d2622a67cac3;visita;
2026-03-30 17:04:53.858093+00;dbb652e9-a139-40fc-bf55-18f9a6720893;;"{""isDomainCustomizado"":true,""url"":""https://sodreia.com.br""}";;5e200087-a353-4237-a68c-d2622a67cac3;visita;
2026-04-05 17:59:39.648305+00;1853d8a3-05e8-47fc-b68d-64cd1790b926;;"{""isDomainCustomizado"":true,""url"":""https://sodreia.com.br""}";;5e200087-a353-4237-a68c-d2622a67cac3;visita;
2026-04-05 18:00:26.640097+00;127ec65a-3460-4d03-8b1e-c630ebe17151;;"{""isDomainCustomizado"":true,""url"":""https://sodreia.com.br""}";;5e200087-a353-4237-a68c-d2622a67cac3;visita;
2026-04-10 14:05:02.530934+00;62febec9-629a-4549-800c-1290566a15a3;;"{""isDomainCustomizado"":true,""url"":""https://sodreia.com.br""}";;5e200087-a353-4237-a68c-d2622a67cac3;visita;
2026-04-11 08:03:23.460744+00;3c14dc5d-43ca-4875-a518-2eb76eb85b2b;;"{""isDomainCustomizado"":true,""url"":""https://sodreia.com.br""}";;5e200087-a353-4237-a68c-d2622a67cac3;visita;
2026-04-11 08:03:34.578571+00;ba7f0032-6967-4768-a22f-98cdd3500fb2;;"{""isDomainCustomizado"":true,""url"":""https://sodreia.com.br""}";;5e200087-a353-4237-a68c-d2622a67cac3;visita;
2026-04-11 10:53:29.623097+00;1e076e00-44be-440d-b581-a6f9996c6a1d;;"{""isDomainCustomizado"":true,""url"":""https://sodreia.com.br""}";;5e200087-a353-4237-a68c-d2622a67cac3;visita;
2026-04-12 17:09:42.866082+00;9b4f6388-d32f-4e18-b705-4badc75b3512;;"{""isDomainCustomizado"":true,""url"":""https://sodreia.com.br""}";;5e200087-a353-4237-a68c-d2622a67cac3;visita;
2026-04-14 20:04:13.181084+00;6089e1bc-5d36-41ec-8711-6efad7bf6458;;"{""isDomainCustomizado"":true,""url"":""https://sodreia.com.br""}";;5e200087-a353-4237-a68c-d2622a67cac3;visita;
2026-04-15 13:30:43.712593+00;0d04bd08-72ce-4c33-8a94-d97a387bc99b;;"{""isDomainCustomizado"":true,""url"":""https://sodreia.com.br""}";;5e200087-a353-4237-a68c-d2622a67cac3;visita;
2026-04-17 00:04:32.476186+00;876e698e-b45e-4684-9053-bdbf1c7a4ad5;;"{""isDomainCustomizado"":true,""url"":""https://sodreia.com.br""}";;5e200087-a353-4237-a68c-d2622a67cac3;visita;
2026-04-18 20:20:17.952025+00;3a3a2a47-1ee1-4b1e-8837-1bb155bb2ddc;;"{""isDomainCustomizado"":true,""url"":""https://sodreia.com.br""}";;5e200087-a353-4237-a68c-d2622a67cac3;visita;
2026-04-20 13:01:21.342263+00;d875dcbe-e1e7-41d5-95aa-af159e1c2f22;;"{""isDomainCustomizado"":true,""url"":""https://sodreia.com.br""}";;5e200087-a353-4237-a68c-d2622a67cac3;visita;
2026-04-20 15:42:54.514859+00;1d23eab7-ea51-4d3e-a7e2-d46ee9b512d0;;"{""isDomainCustomizado"":true,""url"":""https://sodreia.com.br""}";;5e200087-a353-4237-a68c-d2622a67cac3;visita;
2026-04-21 08:39:05.82578+00;007e1cf8-7993-460f-8bb8-a566770dcfb8;;"{""isDomainCustomizado"":true,""url"":""https://psi.guilds.com.br""}";;17df36a9-2e4e-4e38-842a-9835d291a8cd;visita;
2026-04-21 08:39:08.117816+00;5a64e713-627a-4221-a803-00890629917b;;"{""isDomainCustomizado"":true,""url"":""https://psi.guilds.com.br""}";;17df36a9-2e4e-4e38-842a-9835d291a8cd;visita;
2026-04-22 10:33:39.713489+00;5786da8a-c9a0-4c84-8bc9-4aa4506b0607;;"{""isDomainCustomizado"":true,""url"":""https://sodreia.com.br""}";;5e200087-a353-4237-a68c-d2622a67cac3;visita;
2026-04-23 16:53:01.751901+00;c3c04f0e-6956-4327-a8d0-a7f98be82585;;"{""isDomainCustomizado"":true,""url"":""https://sodreia.com.br""}";;5e200087-a353-4237-a68c-d2622a67cac3;visita;
2026-04-27 22:37:27.902511+00;e8b80cec-bc28-4c87-b677-3c00737c3d89;;"{""isDomainCustomizado"":true,""url"":""https://sodreia.com.br""}";;5e200087-a353-4237-a68c-d2622a67cac3;visita;
2026-04-28 17:00:29.351434+00;1a29012c-73d2-4ea9-992d-105bf089a4fe;;"{""isDomainCustomizado"":true,""url"":""https://sodreia.com.br""}";;5e200087-a353-4237-a68c-d2622a67cac3;visita;
2026-05-06 09:53:41.018968+00;4d02877f-d449-43e9-940f-2eca1393af78;;"{""isDomainCustomizado"":true,""url"":""https://sodreia.com.br""}";;5e200087-a353-4237-a68c-d2622a67cac3;visita;
2026-05-16 20:05:28.407538+00;994f1604-29d2-4534-a1f6-d5c4ae6c99da;;"{""isDomainCustomizado"":true,""url"":""https://sodreia.com.br""}";;5e200087-a353-4237-a68c-d2622a67cac3;visita;
2026-05-18 16:46:41.400814+00;5b9638ff-3962-4c55-a029-922cfa55ab5f;;"{""isDomainCustomizado"":true,""url"":""https://sodreia.com.br""}";;5e200087-a353-4237-a68c-d2622a67cac3;visita;
2026-05-19 00:10:34.753188+00;5a4e0455-9b8c-47c9-ac7b-c34b6974c2a1;;"{""isDomainCustomizado"":true,""url"":""https://psi.guilds.com.br""}";;17df36a9-2e4e-4e38-842a-9835d291a8cd;visita;
2026-05-19 00:15:29.217437+00;d6950dc8-66f2-469f-9a53-92ef79829dbf;;"{""isDomainCustomizado"":true,""url"":""https://psi.guilds.com.br""}";;17df36a9-2e4e-4e38-842a-9835d291a8cd;visita;